function	function_usr	domain	provenance	current_source	current_header	original_source	original_header
p101_getopt	c:@F@p101_getopt	cli	POSIX	libraries/lib_cli/src/unistd.c	libraries/lib_cli/include/p101_cli/p101_unistd.h	libraries/lib_posix/src/unistd.c	libraries/lib_posix/include/p101_posix/p101_unistd.h
p101_getopt_long	c:@F@p101_getopt_long	cli	common-Unix	libraries/lib_cli/src/getopt.c	libraries/lib_cli/include/p101_cli/p101_getopt.h	libraries/lib_unix/src/getopt.c	libraries/lib_unix/include/p101_unix/p101_getopt.h
p101_getopt_long_only	c:@F@p101_getopt_long_only	cli	common-Unix	libraries/lib_cli/src/getopt.c	libraries/lib_cli/include/p101_cli/p101_getopt.h	libraries/lib_unix/src/getopt.c	libraries/lib_unix/include/p101_unix/p101_getopt.h
p101_getsubopt	c:@F@p101_getsubopt	cli	POSIX	libraries/lib_cli/src/stdlib.c	libraries/lib_cli/include/p101_cli/p101_stdlib.h	libraries/lib_posix/src/stdlib.c	libraries/lib_posix/include/p101_posix/p101_stdlib.h
p101_dbm_clearerr	c:@F@p101_dbm_clearerr	database	XSI	libraries/lib_database/src/ndbm.c	libraries/lib_database/include/p101_database/p101_ndbm.h	libraries/lib_posix_xsi/src/ndbm.c	libraries/lib_posix_xsi/include/p101_posix_xsi/p101_ndbm.h
p101_dbm_close	c:@F@p101_dbm_close	database	XSI	libraries/lib_database/src/ndbm.c	libraries/lib_database/include/p101_database/p101_ndbm.h	libraries/lib_posix_xsi/src/ndbm.c	libraries/lib_posix_xsi/include/p101_posix_xsi/p101_ndbm.h
p101_dbm_delete	c:@F@p101_dbm_delete	database	XSI	libraries/lib_database/src/ndbm.c	libraries/lib_database/include/p101_database/p101_ndbm.h	libraries/lib_posix_xsi/src/ndbm.c	libraries/lib_posix_xsi/include/p101_posix_xsi/p101_ndbm.h
p101_dbm_error	c:@F@p101_dbm_error	database	XSI	libraries/lib_database/src/ndbm.c	libraries/lib_database/include/p101_database/p101_ndbm.h	libraries/lib_posix_xsi/src/ndbm.c	libraries/lib_posix_xsi/include/p101_posix_xsi/p101_ndbm.h
p101_dbm_fetch	c:@F@p101_dbm_fetch	database	XSI	libraries/lib_database/src/ndbm.c	libraries/lib_database/include/p101_database/p101_ndbm.h	libraries/lib_posix_xsi/src/ndbm.c	libraries/lib_posix_xsi/include/p101_posix_xsi/p101_ndbm.h
p101_dbm_firstkey	c:@F@p101_dbm_firstkey	database	XSI	libraries/lib_database/src/ndbm.c	libraries/lib_database/include/p101_database/p101_ndbm.h	libraries/lib_posix_xsi/src/ndbm.c	libraries/lib_posix_xsi/include/p101_posix_xsi/p101_ndbm.h
p101_dbm_nextkey	c:@F@p101_dbm_nextkey	database	XSI	libraries/lib_database/src/ndbm.c	libraries/lib_database/include/p101_database/p101_ndbm.h	libraries/lib_posix_xsi/src/ndbm.c	libraries/lib_posix_xsi/include/p101_posix_xsi/p101_ndbm.h
p101_dbm_open	c:@F@p101_dbm_open	database	XSI	libraries/lib_database/src/ndbm.c	libraries/lib_database/include/p101_database/p101_ndbm.h	libraries/lib_posix_xsi/src/ndbm.c	libraries/lib_posix_xsi/include/p101_posix_xsi/p101_ndbm.h
p101_dbm_store	c:@F@p101_dbm_store	database	XSI	libraries/lib_database/src/ndbm.c	libraries/lib_database/include/p101_database/p101_ndbm.h	libraries/lib_posix_xsi/src/ndbm.c	libraries/lib_posix_xsi/include/p101_posix_xsi/p101_ndbm.h
p101_closelog	c:@F@p101_closelog	diagnostics	XSI	libraries/lib_diagnostics/src/syslog.c	libraries/lib_diagnostics/include/p101_diagnostics/p101_syslog.h	libraries/lib_posix_xsi/src/syslog.c	libraries/lib_posix_xsi/include/p101_posix_xsi/p101_syslog.h
p101_fmtmsg	c:@F@p101_fmtmsg	diagnostics	XSI	libraries/lib_diagnostics/src/fmtmsg.c	libraries/lib_diagnostics/include/p101_diagnostics/p101_fmtmsg.h	libraries/lib_posix_xsi/src/fmtmsg.c	libraries/lib_posix_xsi/include/p101_posix_xsi/p101_fmtmsg.h
p101_openlog	c:@F@p101_openlog	diagnostics	XSI	libraries/lib_diagnostics/src/syslog.c	libraries/lib_diagnostics/include/p101_diagnostics/p101_syslog.h	libraries/lib_posix_xsi/src/syslog.c	libraries/lib_posix_xsi/include/p101_posix_xsi/p101_syslog.h
p101_setlogmask	c:@F@p101_setlogmask	diagnostics	XSI	libraries/lib_diagnostics/src/syslog.c	libraries/lib_diagnostics/include/p101_diagnostics/p101_syslog.h	libraries/lib_posix_xsi/src/syslog.c	libraries/lib_posix_xsi/include/p101_posix_xsi/p101_syslog.h
p101_vwarn	c:@F@p101_vwarn	diagnostics	common-Unix	libraries/lib_diagnostics/src/err.c	libraries/lib_diagnostics/include/p101_diagnostics/p101_err.h	libraries/lib_unix/src/err.c	libraries/lib_unix/include/p101_unix/p101_err.h
p101_vwarnx	c:@F@p101_vwarnx	diagnostics	common-Unix	libraries/lib_diagnostics/src/err.c	libraries/lib_diagnostics/include/p101_diagnostics/p101_err.h	libraries/lib_unix/src/err.c	libraries/lib_unix/include/p101_unix/p101_err.h
p101_warn	c:@F@p101_warn	diagnostics	common-Unix	libraries/lib_diagnostics/src/err.c	libraries/lib_diagnostics/include/p101_diagnostics/p101_err.h	libraries/lib_unix/src/err.c	libraries/lib_unix/include/p101_unix/p101_err.h
p101_warnx	c:@F@p101_warnx	diagnostics	common-Unix	libraries/lib_diagnostics/src/err.c	libraries/lib_diagnostics/include/p101_diagnostics/p101_err.h	libraries/lib_unix/src/err.c	libraries/lib_unix/include/p101_unix/p101_err.h
p101_dlclose	c:@F@p101_dlclose	dynamic_linking	POSIX	libraries/lib_dynamic_linking/src/dlfcn.c	libraries/lib_dynamic_linking/include/p101_dynamic_linking/p101_dlfcn.h	libraries/lib_posix/src/dlfcn.c	libraries/lib_posix/include/p101_posix/p101_dlfcn.h
p101_dlerror	c:@F@p101_dlerror	dynamic_linking	POSIX	libraries/lib_dynamic_linking/src/dlfcn.c	libraries/lib_dynamic_linking/include/p101_dynamic_linking/p101_dlfcn.h	libraries/lib_posix/src/dlfcn.c	libraries/lib_posix/include/p101_posix/p101_dlfcn.h
p101_dlopen	c:@F@p101_dlopen	dynamic_linking	POSIX	libraries/lib_dynamic_linking/src/dlfcn.c	libraries/lib_dynamic_linking/include/p101_dynamic_linking/p101_dlfcn.h	libraries/lib_posix/src/dlfcn.c	libraries/lib_posix/include/p101_posix/p101_dlfcn.h
p101_dlsym	c:@F@p101_dlsym	dynamic_linking	POSIX	libraries/lib_dynamic_linking/src/dlfcn.c	libraries/lib_dynamic_linking/include/p101_dynamic_linking/p101_dlfcn.h	libraries/lib_posix/src/dlfcn.c	libraries/lib_posix/include/p101_posix/p101_dlfcn.h
p101_access	c:@F@p101_access	filesystem	POSIX	libraries/lib_filesystem/src/unistd.c	libraries/lib_filesystem/include/p101_filesystem/p101_unistd.h	libraries/lib_posix/src/unistd.c	libraries/lib_posix/include/p101_posix/p101_unistd.h
p101_alphasort	c:@F@p101_alphasort	filesystem	POSIX	libraries/lib_filesystem/src/dirent.c	libraries/lib_filesystem/include/p101_filesystem/p101_dirent.h	libraries/lib_posix/src/dirent.c	libraries/lib_posix/include/p101_posix/p101_dirent.h
p101_basename	c:@F@p101_basename	filesystem	XSI	libraries/lib_filesystem/src/libgen.c	libraries/lib_filesystem/include/p101_filesystem/p101_libgen.h	libraries/lib_posix_xsi/src/libgen.c	libraries/lib_posix_xsi/include/p101_posix_xsi/p101_libgen.h
p101_chdir	c:@F@p101_chdir	filesystem	POSIX	libraries/lib_filesystem/src/unistd.c	libraries/lib_filesystem/include/p101_filesystem/p101_unistd.h	libraries/lib_posix/src/unistd.c	libraries/lib_posix/include/p101_posix/p101_unistd.h
p101_chmod	c:@F@p101_chmod	filesystem	POSIX	libraries/lib_filesystem/src/sys/stat.c	libraries/lib_filesystem/include/p101_filesystem/sys/p101_stat.h	libraries/lib_posix/src/sys/stat.c	libraries/lib_posix/include/p101_posix/sys/p101_stat.h
p101_chown	c:@F@p101_chown	filesystem	POSIX	libraries/lib_filesystem/src/unistd.c	libraries/lib_filesystem/include/p101_filesystem/p101_unistd.h	libraries/lib_posix/src/unistd.c	libraries/lib_posix/include/p101_posix/p101_unistd.h
p101_closedir	c:@F@p101_closedir	filesystem	POSIX	libraries/lib_filesystem/src/dirent.c	libraries/lib_filesystem/include/p101_filesystem/p101_dirent.h	libraries/lib_posix/src/dirent.c	libraries/lib_posix/include/p101_posix/p101_dirent.h
p101_dirfd	c:@F@p101_dirfd	filesystem	POSIX	libraries/lib_filesystem/src/dirent.c	libraries/lib_filesystem/include/p101_filesystem/p101_dirent.h	libraries/lib_posix/src/dirent.c	libraries/lib_posix/include/p101_posix/p101_dirent.h
p101_dirname	c:@F@p101_dirname	filesystem	XSI	libraries/lib_filesystem/src/libgen.c	libraries/lib_filesystem/include/p101_filesystem/p101_libgen.h	libraries/lib_posix_xsi/src/libgen.c	libraries/lib_posix_xsi/include/p101_posix_xsi/p101_libgen.h
p101_faccessat	c:@F@p101_faccessat	filesystem	POSIX	libraries/lib_filesystem/src/unistd.c	libraries/lib_filesystem/include/p101_filesystem/p101_unistd.h	libraries/lib_posix/src/unistd.c	libraries/lib_posix/include/p101_posix/p101_unistd.h
p101_fchdir	c:@F@p101_fchdir	filesystem	POSIX	libraries/lib_filesystem/src/unistd.c	libraries/lib_filesystem/include/p101_filesystem/p101_unistd.h	libraries/lib_posix/src/unistd.c	libraries/lib_posix/include/p101_posix/p101_unistd.h
p101_fchmod	c:@F@p101_fchmod	filesystem	POSIX	libraries/lib_filesystem/src/sys/stat.c	libraries/lib_filesystem/include/p101_filesystem/sys/p101_stat.h	libraries/lib_posix/src/sys/stat.c	libraries/lib_posix/include/p101_posix/sys/p101_stat.h
p101_fchmodat	c:@F@p101_fchmodat	filesystem	POSIX	libraries/lib_filesystem/src/sys/stat.c	libraries/lib_filesystem/include/p101_filesystem/sys/p101_stat.h	libraries/lib_posix/src/sys/stat.c	libraries/lib_posix/include/p101_posix/sys/p101_stat.h
p101_fchown	c:@F@p101_fchown	filesystem	POSIX	libraries/lib_filesystem/src/unistd.c	libraries/lib_filesystem/include/p101_filesystem/p101_unistd.h	libraries/lib_posix/src/unistd.c	libraries/lib_posix/include/p101_posix/p101_unistd.h
p101_fchownat	c:@F@p101_fchownat	filesystem	POSIX	libraries/lib_filesystem/src/unistd.c	libraries/lib_filesystem/include/p101_filesystem/p101_unistd.h	libraries/lib_posix/src/unistd.c	libraries/lib_posix/include/p101_posix/p101_unistd.h
p101_fdopendir	c:@F@p101_fdopendir	filesystem	POSIX	libraries/lib_filesystem/src/dirent.c	libraries/lib_filesystem/include/p101_filesystem/p101_dirent.h	libraries/lib_posix/src/dirent.c	libraries/lib_posix/include/p101_posix/p101_dirent.h
p101_fnmatch	c:@F@p101_fnmatch	filesystem	POSIX	libraries/lib_filesystem/src/fnmatch.c	libraries/lib_filesystem/include/p101_filesystem/p101_fnmatch.h	libraries/lib_posix/src/fnmatch.c	libraries/lib_posix/include/p101_posix/p101_fnmatch.h
p101_fpathconf	c:@F@p101_fpathconf	filesystem	POSIX	libraries/lib_filesystem/src/unistd.c	libraries/lib_filesystem/include/p101_filesystem/p101_unistd.h	libraries/lib_posix/src/unistd.c	libraries/lib_posix/include/p101_posix/p101_unistd.h
p101_fstat	c:@F@p101_fstat	filesystem	POSIX	libraries/lib_filesystem/src/sys/stat.c	libraries/lib_filesystem/include/p101_filesystem/sys/p101_stat.h	libraries/lib_posix/src/sys/stat.c	libraries/lib_posix/include/p101_posix/sys/p101_stat.h
p101_fstatat	c:@F@p101_fstatat	filesystem	POSIX	libraries/lib_filesystem/src/sys/stat.c	libraries/lib_filesystem/include/p101_filesystem/sys/p101_stat.h	libraries/lib_posix/src/sys/stat.c	libraries/lib_posix/include/p101_posix/sys/p101_stat.h
p101_fstatvfs	c:@F@p101_fstatvfs	filesystem	POSIX	libraries/lib_filesystem/src/sys/statvfs.c	libraries/lib_filesystem/include/p101_filesystem/sys/p101_statvfs.h	libraries/lib_posix/src/sys/statvfs.c	libraries/lib_posix/include/p101_posix/sys/p101_statvfs.h
p101_ftruncate	c:@F@p101_ftruncate	filesystem	POSIX	libraries/lib_filesystem/src/unistd.c	libraries/lib_filesystem/include/p101_filesystem/p101_unistd.h	libraries/lib_posix/src/unistd.c	libraries/lib_posix/include/p101_posix/p101_unistd.h
p101_ftw	c:@F@p101_ftw	filesystem	XSI	libraries/lib_filesystem/src/ftw.c	libraries/lib_filesystem/include/p101_filesystem/p101_ftw.h	libraries/lib_posix_xsi/src/ftw.c	libraries/lib_posix_xsi/include/p101_posix_xsi/p101_ftw.h
p101_futimens	c:@F@p101_futimens	filesystem	POSIX	libraries/lib_filesystem/src/sys/stat.c	libraries/lib_filesystem/include/p101_filesystem/sys/p101_stat.h	libraries/lib_posix/src/sys/stat.c	libraries/lib_posix/include/p101_posix/sys/p101_stat.h
p101_getcwd	c:@F@p101_getcwd	filesystem	POSIX	libraries/lib_filesystem/src/unistd.c	libraries/lib_filesystem/include/p101_filesystem/p101_unistd.h	libraries/lib_posix/src/unistd.c	libraries/lib_posix/include/p101_posix/p101_unistd.h
p101_glob	c:@F@p101_glob	filesystem	POSIX	libraries/lib_filesystem/src/glob.c	libraries/lib_filesystem/include/p101_filesystem/p101_glob.h	libraries/lib_posix/src/glob.c	libraries/lib_posix/include/p101_posix/p101_glob.h
p101_globfree	c:@F@p101_globfree	filesystem	POSIX	libraries/lib_filesystem/src/glob.c	libraries/lib_filesystem/include/p101_filesystem/p101_glob.h	libraries/lib_posix/src/glob.c	libraries/lib_posix/include/p101_posix/p101_glob.h
p101_lchown	c:@F@p101_lchown	filesystem	POSIX	libraries/lib_filesystem/src/unistd.c	libraries/lib_filesystem/include/p101_filesystem/p101_unistd.h	libraries/lib_posix/src/unistd.c	libraries/lib_posix/include/p101_posix/p101_unistd.h
p101_link	c:@F@p101_link	filesystem	POSIX	libraries/lib_filesystem/src/unistd.c	libraries/lib_filesystem/include/p101_filesystem/p101_unistd.h	libraries/lib_posix/src/unistd.c	libraries/lib_posix/include/p101_posix/p101_unistd.h
p101_linkat	c:@F@p101_linkat	filesystem	POSIX	libraries/lib_filesystem/src/unistd.c	libraries/lib_filesystem/include/p101_filesystem/p101_unistd.h	libraries/lib_posix/src/unistd.c	libraries/lib_posix/include/p101_posix/p101_unistd.h
p101_lstat	c:@F@p101_lstat	filesystem	POSIX	libraries/lib_filesystem/src/sys/stat.c	libraries/lib_filesystem/include/p101_filesystem/sys/p101_stat.h	libraries/lib_posix/src/sys/stat.c	libraries/lib_posix/include/p101_posix/sys/p101_stat.h
p101_mkdir	c:@F@p101_mkdir	filesystem	POSIX	libraries/lib_filesystem/src/sys/stat.c	libraries/lib_filesystem/include/p101_filesystem/sys/p101_stat.h	libraries/lib_posix/src/sys/stat.c	libraries/lib_posix/include/p101_posix/sys/p101_stat.h
p101_mkdirat	c:@F@p101_mkdirat	filesystem	POSIX	libraries/lib_filesystem/src/sys/stat.c	libraries/lib_filesystem/include/p101_filesystem/sys/p101_stat.h	libraries/lib_posix/src/sys/stat.c	libraries/lib_posix/include/p101_posix/sys/p101_stat.h
p101_mkdtemp	c:@F@p101_mkdtemp	filesystem	POSIX	libraries/lib_filesystem/src/stdlib.c	libraries/lib_filesystem/include/p101_filesystem/p101_stdlib.h	libraries/lib_posix/src/stdlib.c	libraries/lib_posix/include/p101_posix/p101_stdlib.h
p101_mknod	c:@F@p101_mknod	filesystem	XSI	libraries/lib_filesystem/src/sys/stat.c	libraries/lib_filesystem/include/p101_filesystem/sys/p101_stat.h	libraries/lib_posix_xsi/src/sys/stat.c	libraries/lib_posix_xsi/include/p101_posix_xsi/sys/p101_stat.h
p101_mkstemp	c:@F@p101_mkstemp	filesystem	POSIX	libraries/lib_filesystem/src/stdlib.c	libraries/lib_filesystem/include/p101_filesystem/p101_stdlib.h	libraries/lib_posix/src/stdlib.c	libraries/lib_posix/include/p101_posix/p101_stdlib.h
p101_nftw	c:@F@p101_nftw	filesystem	XSI	libraries/lib_filesystem/src/ftw.c	libraries/lib_filesystem/include/p101_filesystem/p101_ftw.h	libraries/lib_posix_xsi/src/ftw.c	libraries/lib_posix_xsi/include/p101_posix_xsi/p101_ftw.h
p101_opendir	c:@F@p101_opendir	filesystem	POSIX	libraries/lib_filesystem/src/dirent.c	libraries/lib_filesystem/include/p101_filesystem/p101_dirent.h	libraries/lib_posix/src/dirent.c	libraries/lib_posix/include/p101_posix/p101_dirent.h
p101_pathconf	c:@F@p101_pathconf	filesystem	POSIX	libraries/lib_filesystem/src/unistd.c	libraries/lib_filesystem/include/p101_filesystem/p101_unistd.h	libraries/lib_posix/src/unistd.c	libraries/lib_posix/include/p101_posix/p101_unistd.h
p101_readdir	c:@F@p101_readdir	filesystem	POSIX	libraries/lib_filesystem/src/dirent.c	libraries/lib_filesystem/include/p101_filesystem/p101_dirent.h	libraries/lib_posix/src/dirent.c	libraries/lib_posix/include/p101_posix/p101_dirent.h
p101_readlink	c:@F@p101_readlink	filesystem	POSIX	libraries/lib_filesystem/src/unistd.c	libraries/lib_filesystem/include/p101_filesystem/p101_unistd.h	libraries/lib_posix/src/unistd.c	libraries/lib_posix/include/p101_posix/p101_unistd.h
p101_readlinkat	c:@F@p101_readlinkat	filesystem	POSIX	libraries/lib_filesystem/src/unistd.c	libraries/lib_filesystem/include/p101_filesystem/p101_unistd.h	libraries/lib_posix/src/unistd.c	libraries/lib_posix/include/p101_posix/p101_unistd.h
p101_realpath	c:@F@p101_realpath	filesystem	XSI	libraries/lib_filesystem/src/stdlib.c	libraries/lib_filesystem/include/p101_filesystem/p101_stdlib.h	libraries/lib_posix_xsi/src/stdlib.c	libraries/lib_posix_xsi/include/p101_posix_xsi/p101_stdlib.h
p101_renameat	c:@F@p101_renameat	filesystem	POSIX	libraries/lib_filesystem/src/stdio.c	libraries/lib_filesystem/include/p101_filesystem/p101_stdio.h	libraries/lib_posix/src/stdio.c	libraries/lib_posix/include/p101_posix/p101_stdio.h
p101_rewinddir	c:@F@p101_rewinddir	filesystem	POSIX	libraries/lib_filesystem/src/dirent.c	libraries/lib_filesystem/include/p101_filesystem/p101_dirent.h	libraries/lib_posix/src/dirent.c	libraries/lib_posix/include/p101_posix/p101_dirent.h
p101_rmdir	c:@F@p101_rmdir	filesystem	POSIX	libraries/lib_filesystem/src/unistd.c	libraries/lib_filesystem/include/p101_filesystem/p101_unistd.h	libraries/lib_posix/src/unistd.c	libraries/lib_posix/include/p101_posix/p101_unistd.h
p101_scandir	c:@F@p101_scandir	filesystem	POSIX	libraries/lib_filesystem/src/dirent.c	libraries/lib_filesystem/include/p101_filesystem/p101_dirent.h	libraries/lib_posix/src/dirent.c	libraries/lib_posix/include/p101_posix/p101_dirent.h
p101_seekdir	c:@F@p101_seekdir	filesystem	XSI	libraries/lib_filesystem/src/dirent.c	libraries/lib_filesystem/include/p101_filesystem/p101_dirent.h	libraries/lib_posix_xsi/src/dirent.c	libraries/lib_posix_xsi/include/p101_posix_xsi/p101_dirent.h
p101_stat	c:@F@p101_stat	filesystem	POSIX	libraries/lib_filesystem/src/sys/stat.c	libraries/lib_filesystem/include/p101_filesystem/sys/p101_stat.h	libraries/lib_posix/src/sys/stat.c	libraries/lib_posix/include/p101_posix/sys/p101_stat.h
p101_statvfs	c:@F@p101_statvfs	filesystem	POSIX	libraries/lib_filesystem/src/sys/statvfs.c	libraries/lib_filesystem/include/p101_filesystem/sys/p101_statvfs.h	libraries/lib_posix/src/sys/statvfs.c	libraries/lib_posix/include/p101_posix/sys/p101_statvfs.h
p101_symlink	c:@F@p101_symlink	filesystem	POSIX	libraries/lib_filesystem/src/unistd.c	libraries/lib_filesystem/include/p101_filesystem/p101_unistd.h	libraries/lib_posix/src/unistd.c	libraries/lib_posix/include/p101_posix/p101_unistd.h
p101_symlinkat	c:@F@p101_symlinkat	filesystem	POSIX	libraries/lib_filesystem/src/unistd.c	libraries/lib_filesystem/include/p101_filesystem/p101_unistd.h	libraries/lib_posix/src/unistd.c	libraries/lib_posix/include/p101_posix/p101_unistd.h
p101_sync	c:@F@p101_sync	filesystem	XSI	libraries/lib_filesystem/src/unistd.c	libraries/lib_filesystem/include/p101_filesystem/p101_unistd.h	libraries/lib_posix_xsi/src/unistd.c	libraries/lib_posix_xsi/include/p101_posix_xsi/p101_unistd.h
p101_telldir	c:@F@p101_telldir	filesystem	XSI	libraries/lib_filesystem/src/dirent.c	libraries/lib_filesystem/include/p101_filesystem/p101_dirent.h	libraries/lib_posix_xsi/src/dirent.c	libraries/lib_posix_xsi/include/p101_posix_xsi/p101_dirent.h
p101_truncate	c:@F@p101_truncate	filesystem	POSIX	libraries/lib_filesystem/src/unistd.c	libraries/lib_filesystem/include/p101_filesystem/p101_unistd.h	libraries/lib_posix/src/unistd.c	libraries/lib_posix/include/p101_posix/p101_unistd.h
p101_umask	c:@F@p101_umask	filesystem	POSIX	libraries/lib_filesystem/src/sys/stat.c	libraries/lib_filesystem/include/p101_filesystem/sys/p101_stat.h	libraries/lib_posix/src/sys/stat.c	libraries/lib_posix/include/p101_posix/sys/p101_stat.h
p101_unlink	c:@F@p101_unlink	filesystem	POSIX	libraries/lib_filesystem/src/unistd.c	libraries/lib_filesystem/include/p101_filesystem/p101_unistd.h	libraries/lib_posix/src/unistd.c	libraries/lib_posix/include/p101_posix/p101_unistd.h
p101_unlinkat	c:@F@p101_unlinkat	filesystem	POSIX	libraries/lib_filesystem/src/unistd.c	libraries/lib_filesystem/include/p101_filesystem/p101_unistd.h	libraries/lib_posix/src/unistd.c	libraries/lib_posix/include/p101_posix/p101_unistd.h
p101_utimensat	c:@F@p101_utimensat	filesystem	POSIX	libraries/lib_filesystem/src/sys/stat.c	libraries/lib_filesystem/include/p101_filesystem/sys/p101_stat.h	libraries/lib_posix/src/sys/stat.c	libraries/lib_posix/include/p101_posix/sys/p101_stat.h
p101_confstr	c:@F@p101_confstr	host	POSIX	libraries/lib_host/src/unistd.c	libraries/lib_host/include/p101_host/p101_unistd.h	libraries/lib_posix/src/unistd.c	libraries/lib_posix/include/p101_posix/p101_unistd.h
p101_getdomainname	c:@F@p101_getdomainname	host	common-Unix	libraries/lib_host/src/unistd.c	libraries/lib_host/include/p101_host/p101_unistd.h	libraries/lib_unix/src/unistd.c	libraries/lib_unix/include/p101_unix/p101_unistd.h
p101_gethostid	c:@F@p101_gethostid	host	XSI	libraries/lib_host/src/unistd.c	libraries/lib_host/include/p101_host/p101_unistd.h	libraries/lib_posix_xsi/src/unistd.c	libraries/lib_posix_xsi/include/p101_posix_xsi/p101_unistd.h
p101_gethostname	c:@F@p101_gethostname	host	POSIX	libraries/lib_host/src/unistd.c	libraries/lib_host/include/p101_host/p101_unistd.h	libraries/lib_posix/src/unistd.c	libraries/lib_posix/include/p101_posix/p101_unistd.h
p101_getloadavg	c:@F@p101_getloadavg	host	common-Unix	libraries/lib_host/src/stdlib.c	libraries/lib_host/include/p101_host/p101_stdlib.h	libraries/lib_unix/src/stdlib.c	libraries/lib_unix/include/p101_unix/p101_stdlib.h
p101_setdomainname	c:@F@p101_setdomainname	host	common-Unix	libraries/lib_host/src/unistd.c	libraries/lib_host/include/p101_host/p101_unistd.h	libraries/lib_unix/src/unistd.c	libraries/lib_unix/include/p101_unix/p101_unistd.h
p101_sysconf	c:@F@p101_sysconf	host	POSIX	libraries/lib_host/src/unistd.c	libraries/lib_host/include/p101_host/p101_unistd.h	libraries/lib_posix/src/unistd.c	libraries/lib_posix/include/p101_posix/p101_unistd.h
p101_uname	c:@F@p101_uname	host	POSIX	libraries/lib_host/src/sys/utsname.c	libraries/lib_host/include/p101_host/sys/p101_utsname.h	libraries/lib_posix/src/sys/utsname.c	libraries/lib_posix/include/p101_posix/sys/p101_utsname.h
p101_crypt	c:@F@p101_crypt	identity	XSI	libraries/lib_identity/src/unistd.c	libraries/lib_identity/include/p101_identity/p101_unistd.h	libraries/lib_posix_xsi/src/unistd.c	libraries/lib_posix_xsi/include/p101_posix_xsi/p101_unistd.h
p101_endusershell	c:@F@p101_endusershell	identity	common-Unix	libraries/lib_identity/src/unistd.c	libraries/lib_identity/include/p101_identity/p101_unistd.h	libraries/lib_unix/src/unistd.c	libraries/lib_unix/include/p101_unix/p101_unistd.h
p101_endutxent	c:@F@p101_endutxent	identity	XSI	libraries/lib_identity/src/utmpx.c	libraries/lib_identity/include/p101_identity/p101_utmpx.h	libraries/lib_posix_xsi/src/utmpx.c	libraries/lib_posix_xsi/include/p101_posix_xsi/p101_utmpx.h
p101_getegid	c:@F@p101_getegid	identity	POSIX	libraries/lib_identity/src/unistd.c	libraries/lib_identity/include/p101_identity/p101_unistd.h	libraries/lib_posix/src/unistd.c	libraries/lib_posix/include/p101_posix/p101_unistd.h
p101_geteuid	c:@F@p101_geteuid	identity	POSIX	libraries/lib_identity/src/unistd.c	libraries/lib_identity/include/p101_identity/p101_unistd.h	libraries/lib_posix/src/unistd.c	libraries/lib_posix/include/p101_posix/p101_unistd.h
p101_getgid	c:@F@p101_getgid	identity	POSIX	libraries/lib_identity/src/unistd.c	libraries/lib_identity/include/p101_identity/p101_unistd.h	libraries/lib_posix/src/unistd.c	libraries/lib_posix/include/p101_posix/p101_unistd.h
p101_getgrgid_r	c:@F@p101_getgrgid_r	identity	POSIX	libraries/lib_identity/src/grp.c	libraries/lib_identity/include/p101_identity/p101_grp.h	libraries/lib_posix/src/grp.c	libraries/lib_posix/include/p101_posix/p101_grp.h
p101_getgrnam_r	c:@F@p101_getgrnam_r	identity	POSIX	libraries/lib_identity/src/grp.c	libraries/lib_identity/include/p101_identity/p101_grp.h	libraries/lib_posix/src/grp.c	libraries/lib_posix/include/p101_posix/p101_grp.h
p101_getgroups	c:@F@p101_getgroups	identity	POSIX	libraries/lib_identity/src/unistd.c	libraries/lib_identity/include/p101_identity/p101_unistd.h	libraries/lib_posix/src/unistd.c	libraries/lib_posix/include/p101_posix/p101_unistd.h
p101_getlogin_r	c:@F@p101_getlogin_r	identity	POSIX	libraries/lib_identity/src/unistd.c	libraries/lib_identity/include/p101_identity/p101_unistd.h	libraries/lib_posix/src/unistd.c	libraries/lib_posix/include/p101_posix/p101_unistd.h
p101_getpwnam_r	c:@F@p101_getpwnam_r	identity	POSIX	libraries/lib_identity/src/pwd.c	libraries/lib_identity/include/p101_identity/p101_pwd.h	libraries/lib_posix/src/pwd.c	libraries/lib_posix/include/p101_posix/p101_pwd.h
p101_getpwuid_r	c:@F@p101_getpwuid_r	identity	POSIX	libraries/lib_identity/src/pwd.c	libraries/lib_identity/include/p101_identity/p101_pwd.h	libraries/lib_posix/src/pwd.c	libraries/lib_posix/include/p101_posix/p101_pwd.h
p101_getuid	c:@F@p101_getuid	identity	POSIX	libraries/lib_identity/src/unistd.c	libraries/lib_identity/include/p101_identity/p101_unistd.h	libraries/lib_posix/src/unistd.c	libraries/lib_posix/include/p101_posix/p101_unistd.h
p101_getusershell	c:@F@p101_getusershell	identity	common-Unix	libraries/lib_identity/src/unistd.c	libraries/lib_identity/include/p101_identity/p101_unistd.h	libraries/lib_unix/src/unistd.c	libraries/lib_unix/include/p101_unix/p101_unistd.h
p101_getutxent	c:@F@p101_getutxent	identity	XSI	libraries/lib_identity/src/utmpx.c	libraries/lib_identity/include/p101_identity/p101_utmpx.h	libraries/lib_posix_xsi/src/utmpx.c	libraries/lib_posix_xsi/include/p101_posix_xsi/p101_utmpx.h
p101_getutxid	c:@F@p101_getutxid	identity	XSI	libraries/lib_identity/src/utmpx.c	libraries/lib_identity/include/p101_identity/p101_utmpx.h	libraries/lib_posix_xsi/src/utmpx.c	libraries/lib_posix_xsi/include/p101_posix_xsi/p101_utmpx.h
p101_getutxline	c:@F@p101_getutxline	identity	XSI	libraries/lib_identity/src/utmpx.c	libraries/lib_identity/include/p101_identity/p101_utmpx.h	libraries/lib_posix_xsi/src/utmpx.c	libraries/lib_posix_xsi/include/p101_posix_xsi/p101_utmpx.h
p101_pututxline	c:@F@p101_pututxline	identity	XSI	libraries/lib_identity/src/utmpx.c	libraries/lib_identity/include/p101_identity/p101_utmpx.h	libraries/lib_posix_xsi/src/utmpx.c	libraries/lib_posix_xsi/include/p101_posix_xsi/p101_utmpx.h
p101_setegid	c:@F@p101_setegid	identity	POSIX	libraries/lib_identity/src/unistd.c	libraries/lib_identity/include/p101_identity/p101_unistd.h	libraries/lib_posix/src/unistd.c	libraries/lib_posix/include/p101_posix/p101_unistd.h
p101_seteuid	c:@F@p101_seteuid	identity	POSIX	libraries/lib_identity/src/unistd.c	libraries/lib_identity/include/p101_identity/p101_unistd.h	libraries/lib_posix/src/unistd.c	libraries/lib_posix/include/p101_posix/p101_unistd.h
p101_setgid	c:@F@p101_setgid	identity	POSIX	libraries/lib_identity/src/unistd.c	libraries/lib_identity/include/p101_identity/p101_unistd.h	libraries/lib_posix/src/unistd.c	libraries/lib_posix/include/p101_posix/p101_unistd.h
p101_setregid	c:@F@p101_setregid	identity	XSI	libraries/lib_identity/src/unistd.c	libraries/lib_identity/include/p101_identity/p101_unistd.h	libraries/lib_posix_xsi/src/unistd.c	libraries/lib_posix_xsi/include/p101_posix_xsi/p101_unistd.h
p101_setreuid	c:@F@p101_setreuid	identity	XSI	libraries/lib_identity/src/unistd.c	libraries/lib_identity/include/p101_identity/p101_unistd.h	libraries/lib_posix_xsi/src/unistd.c	libraries/lib_posix_xsi/include/p101_posix_xsi/p101_unistd.h
p101_setuid	c:@F@p101_setuid	identity	POSIX	libraries/lib_identity/src/unistd.c	libraries/lib_identity/include/p101_identity/p101_unistd.h	libraries/lib_posix/src/unistd.c	libraries/lib_posix/include/p101_posix/p101_unistd.h
p101_setusershell	c:@F@p101_setusershell	identity	common-Unix	libraries/lib_identity/src/unistd.c	libraries/lib_identity/include/p101_identity/p101_unistd.h	libraries/lib_unix/src/unistd.c	libraries/lib_unix/include/p101_unix/p101_unistd.h
p101_setutxent	c:@F@p101_setutxent	identity	XSI	libraries/lib_identity/src/utmpx.c	libraries/lib_identity/include/p101_identity/p101_utmpx.h	libraries/lib_posix_xsi/src/utmpx.c	libraries/lib_posix_xsi/include/p101_posix_xsi/p101_utmpx.h
p101_aio_cancel	c:@F@p101_aio_cancel	io	POSIX	libraries/lib_io/src/aio.c	libraries/lib_io/include/p101_io/p101_aio.h	libraries/lib_posix/src/aio.c	libraries/lib_posix/include/p101_posix/p101_aio.h
p101_aio_error	c:@F@p101_aio_error	io	POSIX	libraries/lib_io/src/aio.c	libraries/lib_io/include/p101_io/p101_aio.h	libraries/lib_posix/src/aio.c	libraries/lib_posix/include/p101_posix/p101_aio.h
p101_aio_fsync	c:@F@p101_aio_fsync	io	POSIX	libraries/lib_io/src/aio.c	libraries/lib_io/include/p101_io/p101_aio.h	libraries/lib_posix/src/aio.c	libraries/lib_posix/include/p101_posix/p101_aio.h
p101_aio_read	c:@F@p101_aio_read	io	POSIX	libraries/lib_io/src/aio.c	libraries/lib_io/include/p101_io/p101_aio.h	libraries/lib_posix/src/aio.c	libraries/lib_posix/include/p101_posix/p101_aio.h
p101_aio_return	c:@F@p101_aio_return	io	POSIX	libraries/lib_io/src/aio.c	libraries/lib_io/include/p101_io/p101_aio.h	libraries/lib_posix/src/aio.c	libraries/lib_posix/include/p101_posix/p101_aio.h
p101_aio_suspend	c:@F@p101_aio_suspend	io	POSIX	libraries/lib_io/src/aio.c	libraries/lib_io/include/p101_io/p101_aio.h	libraries/lib_posix/src/aio.c	libraries/lib_posix/include/p101_posix/p101_aio.h
p101_aio_write	c:@F@p101_aio_write	io	POSIX	libraries/lib_io/src/aio.c	libraries/lib_io/include/p101_io/p101_aio.h	libraries/lib_posix/src/aio.c	libraries/lib_posix/include/p101_posix/p101_aio.h
p101_close	c:@F@p101_close	io	POSIX	libraries/lib_io/src/unistd.c	libraries/lib_io/include/p101_io/p101_unistd.h	libraries/lib_posix/src/unistd.c	libraries/lib_posix/include/p101_posix/p101_unistd.h
p101_creat	c:@F@p101_creat	io	POSIX	libraries/lib_io/src/fcntl.c	libraries/lib_io/include/p101_io/p101_fcntl.h	libraries/lib_posix/src/fcntl.c	libraries/lib_posix/include/p101_posix/p101_fcntl.h
p101_dup	c:@F@p101_dup	io	POSIX	libraries/lib_io/src/unistd.c	libraries/lib_io/include/p101_io/p101_unistd.h	libraries/lib_posix/src/unistd.c	libraries/lib_posix/include/p101_posix/p101_unistd.h
p101_dup2	c:@F@p101_dup2	io	POSIX	libraries/lib_io/src/unistd.c	libraries/lib_io/include/p101_io/p101_unistd.h	libraries/lib_posix/src/unistd.c	libraries/lib_posix/include/p101_posix/p101_unistd.h
p101_fcntl	c:@F@p101_fcntl	io	POSIX	libraries/lib_io/src/fcntl.c	libraries/lib_io/include/p101_io/p101_fcntl.h	libraries/lib_posix/src/fcntl.c	libraries/lib_posix/include/p101_posix/p101_fcntl.h
p101_fdopen	c:@F@p101_fdopen	io	POSIX	libraries/lib_io/src/stdio.c	libraries/lib_io/include/p101_io/p101_stdio.h	libraries/lib_posix/src/stdio.c	libraries/lib_posix/include/p101_posix/p101_stdio.h
p101_fileno	c:@F@p101_fileno	io	POSIX	libraries/lib_io/src/stdio.c	libraries/lib_io/include/p101_io/p101_stdio.h	libraries/lib_posix/src/stdio.c	libraries/lib_posix/include/p101_posix/p101_stdio.h
p101_flockfile	c:@F@p101_flockfile	io	POSIX	libraries/lib_io/src/stdio.c	libraries/lib_io/include/p101_io/p101_stdio.h	libraries/lib_posix/src/stdio.c	libraries/lib_posix/include/p101_posix/p101_stdio.h
p101_fmemopen	c:@F@p101_fmemopen	io	POSIX	libraries/lib_io/src/stdio.c	libraries/lib_io/include/p101_io/p101_stdio.h	libraries/lib_posix/src/stdio.c	libraries/lib_posix/include/p101_posix/p101_stdio.h
p101_fpurge	c:@F@p101_fpurge	io	common-Unix	libraries/lib_io/src/stdio.c	libraries/lib_io/include/p101_io/p101_stdio.h	libraries/lib_unix/src/stdio.c	libraries/lib_unix/include/p101_unix/p101_stdio.h
p101_fseeko	c:@F@p101_fseeko	io	POSIX	libraries/lib_io/src/stdio.c	libraries/lib_io/include/p101_io/p101_stdio.h	libraries/lib_posix/src/stdio.c	libraries/lib_posix/include/p101_posix/p101_stdio.h
p101_ftello	c:@F@p101_ftello	io	POSIX	libraries/lib_io/src/stdio.c	libraries/lib_io/include/p101_io/p101_stdio.h	libraries/lib_posix/src/stdio.c	libraries/lib_posix/include/p101_posix/p101_stdio.h
p101_ftrylockfile	c:@F@p101_ftrylockfile	io	POSIX	libraries/lib_io/src/stdio.c	libraries/lib_io/include/p101_io/p101_stdio.h	libraries/lib_posix/src/stdio.c	libraries/lib_posix/include/p101_posix/p101_stdio.h
p101_funlockfile	c:@F@p101_funlockfile	io	POSIX	libraries/lib_io/src/stdio.c	libraries/lib_io/include/p101_io/p101_stdio.h	libraries/lib_posix/src/stdio.c	libraries/lib_posix/include/p101_posix/p101_stdio.h
p101_getc_unlocked	c:@F@p101_getc_unlocked	io	POSIX	libraries/lib_io/src/stdio.c	libraries/lib_io/include/p101_io/p101_stdio.h	libraries/lib_posix/src/stdio.c	libraries/lib_posix/include/p101_posix/p101_stdio.h
p101_getchar_unlocked	c:@F@p101_getchar_unlocked	io	POSIX	libraries/lib_io/src/stdio.c	libraries/lib_io/include/p101_io/p101_stdio.h	libraries/lib_posix/src/stdio.c	libraries/lib_posix/include/p101_posix/p101_stdio.h
p101_getdelim	c:@F@p101_getdelim	io	POSIX	libraries/lib_io/src/stdio.c	libraries/lib_io/include/p101_io/p101_stdio.h	libraries/lib_posix/src/stdio.c	libraries/lib_posix/include/p101_posix/p101_stdio.h
p101_getline	c:@F@p101_getline	io	POSIX	libraries/lib_io/src/stdio.c	libraries/lib_io/include/p101_io/p101_stdio.h	libraries/lib_posix/src/stdio.c	libraries/lib_posix/include/p101_posix/p101_stdio.h
p101_lio_listio	c:@F@p101_lio_listio	io	POSIX	libraries/lib_io/src/aio.c	libraries/lib_io/include/p101_io/p101_aio.h	libraries/lib_posix/src/aio.c	libraries/lib_posix/include/p101_posix/p101_aio.h
p101_lockf	c:@F@p101_lockf	io	XSI	libraries/lib_io/src/unistd.c	libraries/lib_io/include/p101_io/p101_unistd.h	libraries/lib_posix_xsi/src/unistd.c	libraries/lib_posix_xsi/include/p101_posix_xsi/p101_unistd.h
p101_lseek	c:@F@p101_lseek	io	POSIX	libraries/lib_io/src/unistd.c	libraries/lib_io/include/p101_io/p101_unistd.h	libraries/lib_posix/src/unistd.c	libraries/lib_posix/include/p101_posix/p101_unistd.h
p101_open	c:@F@p101_open	io	POSIX	libraries/lib_io/src/fcntl.c	libraries/lib_io/include/p101_io/p101_fcntl.h	libraries/lib_posix/src/fcntl.c	libraries/lib_posix/include/p101_posix/p101_fcntl.h
p101_open_memstream	c:@F@p101_open_memstream	io	POSIX	libraries/lib_io/src/stdio.c	libraries/lib_io/include/p101_io/p101_stdio.h	libraries/lib_posix/src/stdio.c	libraries/lib_posix/include/p101_posix/p101_stdio.h
p101_openat	c:@F@p101_openat	io	POSIX	libraries/lib_io/src/fcntl.c	libraries/lib_io/include/p101_io/p101_fcntl.h	libraries/lib_posix/src/fcntl.c	libraries/lib_posix/include/p101_posix/p101_fcntl.h
p101_poll	c:@F@p101_poll	io	POSIX	libraries/lib_io/src/poll.c	libraries/lib_io/include/p101_io/p101_poll.h	libraries/lib_posix/src/poll.c	libraries/lib_posix/include/p101_posix/p101_poll.h
p101_pread	c:@F@p101_pread	io	POSIX	libraries/lib_io/src/unistd.c	libraries/lib_io/include/p101_io/p101_unistd.h	libraries/lib_posix/src/unistd.c	libraries/lib_posix/include/p101_posix/p101_unistd.h
p101_pselect	c:@F@p101_pselect	io	POSIX	libraries/lib_io/src/sys/select.c	libraries/lib_io/include/p101_io/sys/p101_select.h	libraries/lib_posix/src/sys/select.c	libraries/lib_posix/include/p101_posix/sys/p101_select.h
p101_putc_unlocked	c:@F@p101_putc_unlocked	io	POSIX	libraries/lib_io/src/stdio.c	libraries/lib_io/include/p101_io/p101_stdio.h	libraries/lib_posix/src/stdio.c	libraries/lib_posix/include/p101_posix/p101_stdio.h
p101_putchar_unlocked	c:@F@p101_putchar_unlocked	io	POSIX	libraries/lib_io/src/stdio.c	libraries/lib_io/include/p101_io/p101_stdio.h	libraries/lib_posix/src/stdio.c	libraries/lib_posix/include/p101_posix/p101_stdio.h
p101_pwrite	c:@F@p101_pwrite	io	POSIX	libraries/lib_io/src/unistd.c	libraries/lib_io/include/p101_io/p101_unistd.h	libraries/lib_posix/src/unistd.c	libraries/lib_posix/include/p101_posix/p101_unistd.h
p101_read	c:@F@p101_read	io	POSIX	libraries/lib_io/src/unistd.c	libraries/lib_io/include/p101_io/p101_unistd.h	libraries/lib_posix/src/unistd.c	libraries/lib_posix/include/p101_posix/p101_unistd.h
p101_readv	c:@F@p101_readv	io	XSI	libraries/lib_io/src/sys/uio.c	libraries/lib_io/include/p101_io/sys/p101_uio.h	libraries/lib_posix_xsi/src/sys/uio.c	libraries/lib_posix_xsi/include/p101_posix_xsi/sys/p101_uio.h
p101_select	c:@F@p101_select	io	POSIX	libraries/lib_io/src/sys/select.c	libraries/lib_io/include/p101_io/sys/p101_select.h	libraries/lib_posix/src/sys/select.c	libraries/lib_posix/include/p101_posix/sys/p101_select.h
p101_setbuffer	c:@F@p101_setbuffer	io	common-Unix	libraries/lib_io/src/stdio.c	libraries/lib_io/include/p101_io/p101_stdio.h	libraries/lib_unix/src/stdio.c	libraries/lib_unix/include/p101_unix/p101_stdio.h
p101_setlinebuf	c:@F@p101_setlinebuf	io	common-Unix	libraries/lib_io/src/stdio.c	libraries/lib_io/include/p101_io/p101_stdio.h	libraries/lib_unix/src/stdio.c	libraries/lib_unix/include/p101_unix/p101_stdio.h
p101_vdprintf	c:@F@p101_vdprintf	io	POSIX	libraries/lib_io/src/stdio.c	libraries/lib_io/include/p101_io/p101_stdio.h	libraries/lib_posix/src/stdio.c	libraries/lib_posix/include/p101_posix/p101_stdio.h
p101_write	c:@F@p101_write	io	POSIX	libraries/lib_io/src/unistd.c	libraries/lib_io/include/p101_io/p101_unistd.h	libraries/lib_posix/src/unistd.c	libraries/lib_posix/include/p101_posix/p101_unistd.h
p101_writev	c:@F@p101_writev	io	XSI	libraries/lib_io/src/sys/uio.c	libraries/lib_io/include/p101_io/sys/p101_uio.h	libraries/lib_posix_xsi/src/sys/uio.c	libraries/lib_posix_xsi/include/p101_posix_xsi/sys/p101_uio.h
p101_ftok	c:@F@p101_ftok	ipc	XSI	libraries/lib_ipc/src/sys/ipc.c	libraries/lib_ipc/include/p101_ipc/sys/p101_ipc.h	libraries/lib_posix_xsi/src/sys/ipc.c	libraries/lib_posix_xsi/include/p101_posix_xsi/sys/p101_ipc.h
p101_mkfifo	c:@F@p101_mkfifo	ipc	POSIX	libraries/lib_ipc/src/sys/stat.c	libraries/lib_ipc/include/p101_ipc/sys/p101_stat.h	libraries/lib_posix/src/sys/stat.c	libraries/lib_posix/include/p101_posix/sys/p101_stat.h
p101_msgctl	c:@F@p101_msgctl	ipc	XSI	libraries/lib_ipc/src/sys/msg.c	libraries/lib_ipc/include/p101_ipc/sys/p101_msg.h	libraries/lib_posix_xsi/src/sys/msg.c	libraries/lib_posix_xsi/include/p101_posix_xsi/sys/p101_msg.h
p101_msgget	c:@F@p101_msgget	ipc	XSI	libraries/lib_ipc/src/sys/msg.c	libraries/lib_ipc/include/p101_ipc/sys/p101_msg.h	libraries/lib_posix_xsi/src/sys/msg.c	libraries/lib_posix_xsi/include/p101_posix_xsi/sys/p101_msg.h
p101_msgrcv	c:@F@p101_msgrcv	ipc	XSI	libraries/lib_ipc/src/sys/msg.c	libraries/lib_ipc/include/p101_ipc/sys/p101_msg.h	libraries/lib_posix_xsi/src/sys/msg.c	libraries/lib_posix_xsi/include/p101_posix_xsi/sys/p101_msg.h
p101_msgsnd	c:@F@p101_msgsnd	ipc	XSI	libraries/lib_ipc/src/sys/msg.c	libraries/lib_ipc/include/p101_ipc/sys/p101_msg.h	libraries/lib_posix_xsi/src/sys/msg.c	libraries/lib_posix_xsi/include/p101_posix_xsi/sys/p101_msg.h
p101_pipe	c:@F@p101_pipe	ipc	POSIX	libraries/lib_ipc/src/unistd.c	libraries/lib_ipc/include/p101_ipc/p101_unistd.h	libraries/lib_posix/src/unistd.c	libraries/lib_posix/include/p101_posix/p101_unistd.h
p101_semctl	c:@F@p101_semctl	ipc	XSI	libraries/lib_ipc/src/sys/sem.c	libraries/lib_ipc/include/p101_ipc/sys/p101_sem.h	libraries/lib_posix_xsi/src/sys/sem.c	libraries/lib_posix_xsi/include/p101_posix_xsi/sys/p101_sem.h
p101_semctl_arg	c:@F@p101_semctl_arg	ipc	XSI	libraries/lib_ipc/src/sys/sem.c	libraries/lib_ipc/include/p101_ipc/sys/p101_sem.h	libraries/lib_posix_xsi/src/sys/sem.c	libraries/lib_posix_xsi/include/p101_posix_xsi/sys/p101_sem.h
p101_semget	c:@F@p101_semget	ipc	XSI	libraries/lib_ipc/src/sys/sem.c	libraries/lib_ipc/include/p101_ipc/sys/p101_sem.h	libraries/lib_posix_xsi/src/sys/sem.c	libraries/lib_posix_xsi/include/p101_posix_xsi/sys/p101_sem.h
p101_semop	c:@F@p101_semop	ipc	XSI	libraries/lib_ipc/src/sys/sem.c	libraries/lib_ipc/include/p101_ipc/sys/p101_sem.h	libraries/lib_posix_xsi/src/sys/sem.c	libraries/lib_posix_xsi/include/p101_posix_xsi/sys/p101_sem.h
p101_shm_open	c:@F@p101_shm_open	ipc	POSIX-optional	libraries/lib_ipc/src/sys/mman.c	libraries/lib_ipc/include/p101_ipc/sys/p101_mman.h	libraries/lib_posix_optional/src/sys/mman.c	libraries/lib_posix_optional/include/p101_posix_optional/sys/p101_mman.h
p101_shm_unlink	c:@F@p101_shm_unlink	ipc	POSIX-optional	libraries/lib_ipc/src/sys/mman.c	libraries/lib_ipc/include/p101_ipc/sys/p101_mman.h	libraries/lib_posix_optional/src/sys/mman.c	libraries/lib_posix_optional/include/p101_posix_optional/sys/p101_mman.h
p101_shmat	c:@F@p101_shmat	ipc	XSI	libraries/lib_ipc/src/sys/shm.c	libraries/lib_ipc/include/p101_ipc/sys/p101_shm.h	libraries/lib_posix_xsi/src/sys/shm.c	libraries/lib_posix_xsi/include/p101_posix_xsi/sys/p101_shm.h
p101_shmctl	c:@F@p101_shmctl	ipc	XSI	libraries/lib_ipc/src/sys/shm.c	libraries/lib_ipc/include/p101_ipc/sys/p101_shm.h	libraries/lib_posix_xsi/src/sys/shm.c	libraries/lib_posix_xsi/include/p101_posix_xsi/sys/p101_shm.h
p101_shmdt	c:@F@p101_shmdt	ipc	XSI	libraries/lib_ipc/src/sys/shm.c	libraries/lib_ipc/include/p101_ipc/sys/p101_shm.h	libraries/lib_posix_xsi/src/sys/shm.c	libraries/lib_posix_xsi/include/p101_posix_xsi/sys/p101_shm.h
p101_shmget	c:@F@p101_shmget	ipc	XSI	libraries/lib_ipc/src/sys/shm.c	libraries/lib_ipc/include/p101_ipc/sys/p101_shm.h	libraries/lib_posix_xsi/src/sys/shm.c	libraries/lib_posix_xsi/include/p101_posix_xsi/sys/p101_shm.h
p101_catclose	c:@F@p101_catclose	locale	POSIX	libraries/lib_text/src/p101_locale/nl_types.c	libraries/lib_text/include/p101_locale/p101_nl_types.h	libraries/lib_posix/src/nl_types.c	libraries/lib_posix/include/p101_posix/p101_nl_types.h
p101_catgets	c:@F@p101_catgets	locale	POSIX	libraries/lib_text/src/p101_locale/nl_types.c	libraries/lib_text/include/p101_locale/p101_nl_types.h	libraries/lib_posix/src/nl_types.c	libraries/lib_posix/include/p101_posix/p101_nl_types.h
p101_catopen	c:@F@p101_catopen	locale	POSIX	libraries/lib_text/src/p101_locale/nl_types.c	libraries/lib_text/include/p101_locale/p101_nl_types.h	libraries/lib_posix/src/nl_types.c	libraries/lib_posix/include/p101_posix/p101_nl_types.h
p101_duplocale	c:@F@p101_duplocale	locale	POSIX	libraries/lib_text/src/p101_locale/locale.c	libraries/lib_text/include/p101_locale/p101_locale.h	libraries/lib_posix/src/locale.c	libraries/lib_posix/include/p101_posix/p101_locale.h
p101_freelocale	c:@F@p101_freelocale	locale	POSIX	libraries/lib_text/src/p101_locale/locale.c	libraries/lib_text/include/p101_locale/p101_locale.h	libraries/lib_posix/src/locale.c	libraries/lib_posix/include/p101_posix/p101_locale.h
p101_iconv	c:@F@p101_iconv	locale	POSIX	libraries/lib_text/src/p101_locale/iconv.c	libraries/lib_text/include/p101_locale/p101_iconv.h	libraries/lib_posix/src/iconv.c	libraries/lib_posix/include/p101_posix/p101_iconv.h
p101_iconv_close	c:@F@p101_iconv_close	locale	POSIX	libraries/lib_text/src/p101_locale/iconv.c	libraries/lib_text/include/p101_locale/p101_iconv.h	libraries/lib_posix/src/iconv.c	libraries/lib_posix/include/p101_posix/p101_iconv.h
p101_iconv_open	c:@F@p101_iconv_open	locale	POSIX	libraries/lib_text/src/p101_locale/iconv.c	libraries/lib_text/include/p101_locale/p101_iconv.h	libraries/lib_posix/src/iconv.c	libraries/lib_posix/include/p101_posix/p101_iconv.h
p101_newlocale	c:@F@p101_newlocale	locale	POSIX	libraries/lib_text/src/p101_locale/locale.c	libraries/lib_text/include/p101_locale/p101_locale.h	libraries/lib_posix/src/locale.c	libraries/lib_posix/include/p101_posix/p101_locale.h
p101_nl_langinfo	c:@F@p101_nl_langinfo	locale	POSIX	libraries/lib_text/src/p101_locale/langinfo.c	libraries/lib_text/include/p101_locale/p101_langinfo.h	libraries/lib_posix/src/langinfo.c	libraries/lib_posix/include/p101_posix/p101_langinfo.h
p101_nl_langinfo_l	c:@F@p101_nl_langinfo_l	locale	POSIX	libraries/lib_text/src/p101_locale/langinfo.c	libraries/lib_text/include/p101_locale/p101_langinfo.h	libraries/lib_posix/src/langinfo.c	libraries/lib_posix/include/p101_posix/p101_langinfo.h
p101_uselocale	c:@F@p101_uselocale	locale	POSIX	libraries/lib_text/src/p101_locale/locale.c	libraries/lib_text/include/p101_locale/p101_locale.h	libraries/lib_posix/src/locale.c	libraries/lib_posix/include/p101_posix/p101_locale.h
p101_j0	c:@F@p101_j0	math	XSI	libraries/lib_numeric/src/p101_math/math.c	libraries/lib_numeric/include/p101_math/p101_math.h	libraries/lib_posix_xsi/src/math.c	libraries/lib_posix_xsi/include/p101_posix_xsi/p101_math.h
p101_j1	c:@F@p101_j1	math	XSI	libraries/lib_numeric/src/p101_math/math.c	libraries/lib_numeric/include/p101_math/p101_math.h	libraries/lib_posix_xsi/src/math.c	libraries/lib_posix_xsi/include/p101_posix_xsi/p101_math.h
p101_jn	c:@F@p101_jn	math	XSI	libraries/lib_numeric/src/p101_math/math.c	libraries/lib_numeric/include/p101_math/p101_math.h	libraries/lib_posix_xsi/src/math.c	libraries/lib_posix_xsi/include/p101_posix_xsi/p101_math.h
p101_y0	c:@F@p101_y0	math	XSI	libraries/lib_numeric/src/p101_math/math.c	libraries/lib_numeric/include/p101_math/p101_math.h	libraries/lib_posix_xsi/src/math.c	libraries/lib_posix_xsi/include/p101_posix_xsi/p101_math.h
p101_y1	c:@F@p101_y1	math	XSI	libraries/lib_numeric/src/p101_math/math.c	libraries/lib_numeric/include/p101_math/p101_math.h	libraries/lib_posix_xsi/src/math.c	libraries/lib_posix_xsi/include/p101_posix_xsi/p101_math.h
p101_yn	c:@F@p101_yn	math	XSI	libraries/lib_numeric/src/p101_math/math.c	libraries/lib_numeric/include/p101_math/p101_math.h	libraries/lib_posix_xsi/src/math.c	libraries/lib_posix_xsi/include/p101_posix_xsi/p101_math.h
p101_mlock	c:@F@p101_mlock	memory	POSIX-optional	libraries/lib_memory/src/sys/mman.c	libraries/lib_memory/include/p101_memory/sys/p101_mman.h	libraries/lib_posix_optional/src/sys/mman.c	libraries/lib_posix_optional/include/p101_posix_optional/sys/p101_mman.h
p101_mlockall	c:@F@p101_mlockall	memory	POSIX-optional	libraries/lib_memory/src/sys/mman.c	libraries/lib_memory/include/p101_memory/sys/p101_mman.h	libraries/lib_posix_optional/src/sys/mman.c	libraries/lib_posix_optional/include/p101_posix_optional/sys/p101_mman.h
p101_mmap	c:@F@p101_mmap	memory	POSIX	libraries/lib_memory/src/sys/mman.c	libraries/lib_memory/include/p101_memory/sys/p101_mman.h	libraries/lib_posix/src/sys/mman.c	libraries/lib_posix/include/p101_posix/sys/p101_mman.h
p101_mprotect	c:@F@p101_mprotect	memory	POSIX	libraries/lib_memory/src/sys/mman.c	libraries/lib_memory/include/p101_memory/sys/p101_mman.h	libraries/lib_posix/src/sys/mman.c	libraries/lib_posix/include/p101_posix/sys/p101_mman.h
p101_msync	c:@F@p101_msync	memory	XSI	libraries/lib_memory/src/sys/mman.c	libraries/lib_memory/include/p101_memory/sys/p101_mman.h	libraries/lib_posix_xsi/src/sys/mman.c	libraries/lib_posix_xsi/include/p101_posix_xsi/sys/p101_mman.h
p101_munlock	c:@F@p101_munlock	memory	POSIX-optional	libraries/lib_memory/src/sys/mman.c	libraries/lib_memory/include/p101_memory/sys/p101_mman.h	libraries/lib_posix_optional/src/sys/mman.c	libraries/lib_posix_optional/include/p101_posix_optional/sys/p101_mman.h
p101_munlockall	c:@F@p101_munlockall	memory	POSIX-optional	libraries/lib_memory/src/sys/mman.c	libraries/lib_memory/include/p101_memory/sys/p101_mman.h	libraries/lib_posix_optional/src/sys/mman.c	libraries/lib_posix_optional/include/p101_posix_optional/sys/p101_mman.h
p101_munmap	c:@F@p101_munmap	memory	POSIX	libraries/lib_memory/src/sys/mman.c	libraries/lib_memory/include/p101_memory/sys/p101_mman.h	libraries/lib_posix/src/sys/mman.c	libraries/lib_posix/include/p101_posix/sys/p101_mman.h
p101_posix_madvise	c:@F@p101_posix_madvise	memory	POSIX-optional	libraries/lib_memory/src/sys/mman.c	libraries/lib_memory/include/p101_memory/sys/p101_mman.h	libraries/lib_posix_optional/src/sys/mman.c	libraries/lib_posix_optional/include/p101_posix_optional/sys/p101_mman.h
p101_posix_memalign	c:@F@p101_posix_memalign	memory	POSIX-optional	libraries/lib_memory/src/stdlib.c	libraries/lib_memory/include/p101_memory/p101_stdlib.h	libraries/lib_posix_optional/src/stdlib.c	libraries/lib_posix_optional/include/p101_posix_optional/p101_stdlib.h
p101_accept	c:@F@p101_accept	network	POSIX	libraries/lib_network/src/sys/socket.c	libraries/lib_network/include/p101_network/sys/p101_socket.h	libraries/lib_posix/src/sys/socket.c	libraries/lib_posix/include/p101_posix/sys/p101_socket.h
p101_bind	c:@F@p101_bind	network	POSIX	libraries/lib_network/src/sys/socket.c	libraries/lib_network/include/p101_network/sys/p101_socket.h	libraries/lib_posix/src/sys/socket.c	libraries/lib_posix/include/p101_posix/sys/p101_socket.h
p101_connect	c:@F@p101_connect	network	POSIX	libraries/lib_network/src/sys/socket.c	libraries/lib_network/include/p101_network/sys/p101_socket.h	libraries/lib_posix/src/sys/socket.c	libraries/lib_posix/include/p101_posix/sys/p101_socket.h
p101_endhostent	c:@F@p101_endhostent	network	POSIX	libraries/lib_network/src/netdb.c	libraries/lib_network/include/p101_network/p101_netdb.h	libraries/lib_posix/src/netdb.c	libraries/lib_posix/include/p101_posix/p101_netdb.h
p101_endnetent	c:@F@p101_endnetent	network	POSIX	libraries/lib_network/src/netdb.c	libraries/lib_network/include/p101_network/p101_netdb.h	libraries/lib_posix/src/netdb.c	libraries/lib_posix/include/p101_posix/p101_netdb.h
p101_endprotoent	c:@F@p101_endprotoent	network	POSIX	libraries/lib_network/src/netdb.c	libraries/lib_network/include/p101_network/p101_netdb.h	libraries/lib_posix/src/netdb.c	libraries/lib_posix/include/p101_posix/p101_netdb.h
p101_endservent	c:@F@p101_endservent	network	POSIX	libraries/lib_network/src/netdb.c	libraries/lib_network/include/p101_network/p101_netdb.h	libraries/lib_posix/src/netdb.c	libraries/lib_posix/include/p101_posix/p101_netdb.h
p101_ether_aton	c:@F@p101_ether_aton	network	common-Unix	libraries/lib_network/src/net/ethernet.c	libraries/lib_network/include/p101_network/net/p101_ethernet.h	libraries/lib_unix/src/net/ethernet.c	libraries/lib_unix/include/p101_unix/net/p101_ethernet.h
p101_ether_hostton	c:@F@p101_ether_hostton	network	common-Unix	libraries/lib_network/src/net/ethernet.c	libraries/lib_network/include/p101_network/net/p101_ethernet.h	libraries/lib_unix/src/net/ethernet.c	libraries/lib_unix/include/p101_unix/net/p101_ethernet.h
p101_ether_line	c:@F@p101_ether_line	network	common-Unix	libraries/lib_network/src/net/ethernet.c	libraries/lib_network/include/p101_network/net/p101_ethernet.h	libraries/lib_unix/src/net/ethernet.c	libraries/lib_unix/include/p101_unix/net/p101_ethernet.h
p101_ether_ntoa	c:@F@p101_ether_ntoa	network	common-Unix	libraries/lib_network/src/net/ethernet.c	libraries/lib_network/include/p101_network/net/p101_ethernet.h	libraries/lib_unix/src/net/ethernet.c	libraries/lib_unix/include/p101_unix/net/p101_ethernet.h
p101_ether_ntohost	c:@F@p101_ether_ntohost	network	common-Unix	libraries/lib_network/src/net/ethernet.c	libraries/lib_network/include/p101_network/net/p101_ethernet.h	libraries/lib_unix/src/net/ethernet.c	libraries/lib_unix/include/p101_unix/net/p101_ethernet.h
p101_freeaddrinfo	c:@F@p101_freeaddrinfo	network	POSIX	libraries/lib_network/src/netdb.c	libraries/lib_network/include/p101_network/p101_netdb.h	libraries/lib_posix/src/netdb.c	libraries/lib_posix/include/p101_posix/p101_netdb.h
p101_freeifaddrs	c:@F@p101_freeifaddrs	network	common-Unix	libraries/lib_network/src/ifaddrs.c	libraries/lib_network/include/p101_network/p101_ifaddrs.h	libraries/lib_unix/src/ifaddrs.c	libraries/lib_unix/include/p101_unix/p101_ifaddrs.h
p101_gai_strerror	c:@F@p101_gai_strerror	network	POSIX	libraries/lib_network/src/netdb.c	libraries/lib_network/include/p101_network/p101_netdb.h	libraries/lib_posix/src/netdb.c	libraries/lib_posix/include/p101_posix/p101_netdb.h
p101_getaddrinfo	c:@F@p101_getaddrinfo	network	POSIX	libraries/lib_network/src/netdb.c	libraries/lib_network/include/p101_network/p101_netdb.h	libraries/lib_posix/src/netdb.c	libraries/lib_posix/include/p101_posix/p101_netdb.h
p101_getifaddrs	c:@F@p101_getifaddrs	network	common-Unix	libraries/lib_network/src/ifaddrs.c	libraries/lib_network/include/p101_network/p101_ifaddrs.h	libraries/lib_unix/src/ifaddrs.c	libraries/lib_unix/include/p101_unix/p101_ifaddrs.h
p101_getnameinfo	c:@F@p101_getnameinfo	network	POSIX	libraries/lib_network/src/netdb.c	libraries/lib_network/include/p101_network/p101_netdb.h	libraries/lib_posix/src/netdb.c	libraries/lib_posix/include/p101_posix/p101_netdb.h
p101_getpeername	c:@F@p101_getpeername	network	POSIX	libraries/lib_network/src/sys/socket.c	libraries/lib_network/include/p101_network/sys/p101_socket.h	libraries/lib_posix/src/sys/socket.c	libraries/lib_posix/include/p101_posix/sys/p101_socket.h
p101_getsockname	c:@F@p101_getsockname	network	POSIX	libraries/lib_network/src/sys/socket.c	libraries/lib_network/include/p101_network/sys/p101_socket.h	libraries/lib_posix/src/sys/socket.c	libraries/lib_posix/include/p101_posix/sys/p101_socket.h
p101_getsockopt	c:@F@p101_getsockopt	network	POSIX	libraries/lib_network/src/sys/socket.c	libraries/lib_network/include/p101_network/sys/p101_socket.h	libraries/lib_posix/src/sys/socket.c	libraries/lib_posix/include/p101_posix/sys/p101_socket.h
p101_htonl	c:@F@p101_htonl	network	POSIX	libraries/lib_network/src/arpa/inet.c	libraries/lib_network/include/p101_network/arpa/p101_inet.h	libraries/lib_posix/src/arpa/inet.c	libraries/lib_posix/include/p101_posix/arpa/p101_inet.h
p101_htons	c:@F@p101_htons	network	POSIX	libraries/lib_network/src/arpa/inet.c	libraries/lib_network/include/p101_network/arpa/p101_inet.h	libraries/lib_posix/src/arpa/inet.c	libraries/lib_posix/include/p101_posix/arpa/p101_inet.h
p101_if_freenameindex	c:@F@p101_if_freenameindex	network	POSIX	libraries/lib_network/src/net/if.c	libraries/lib_network/include/p101_network/net/p101_if.h	libraries/lib_posix/src/net/if.c	libraries/lib_posix/include/p101_posix/net/p101_if.h
p101_if_indextoname	c:@F@p101_if_indextoname	network	POSIX	libraries/lib_network/src/net/if.c	libraries/lib_network/include/p101_network/net/p101_if.h	libraries/lib_posix/src/net/if.c	libraries/lib_posix/include/p101_posix/net/p101_if.h
p101_if_nameindex	c:@F@p101_if_nameindex	network	POSIX	libraries/lib_network/src/net/if.c	libraries/lib_network/include/p101_network/net/p101_if.h	libraries/lib_posix/src/net/if.c	libraries/lib_posix/include/p101_posix/net/p101_if.h
p101_if_nametoindex	c:@F@p101_if_nametoindex	network	POSIX	libraries/lib_network/src/net/if.c	libraries/lib_network/include/p101_network/net/p101_if.h	libraries/lib_posix/src/net/if.c	libraries/lib_posix/include/p101_posix/net/p101_if.h
p101_inet_addr	c:@F@p101_inet_addr	network	POSIX	libraries/lib_network/src/arpa/inet.c	libraries/lib_network/include/p101_network/arpa/p101_inet.h	libraries/lib_posix/src/arpa/inet.c	libraries/lib_posix/include/p101_posix/arpa/p101_inet.h
p101_inet_aton	c:@F@p101_inet_aton	network	common-Unix	libraries/lib_network/src/arpa/inet.c	libraries/lib_network/include/p101_network/arpa/p101_inet.h	libraries/lib_unix/src/arpa/inet.c	libraries/lib_unix/include/p101_unix/arpa/p101_inet.h
p101_inet_lnaof	c:@F@p101_inet_lnaof	network	common-Unix	libraries/lib_network/src/arpa/inet.c	libraries/lib_network/include/p101_network/arpa/p101_inet.h	libraries/lib_unix/src/arpa/inet.c	libraries/lib_unix/include/p101_unix/arpa/p101_inet.h
p101_inet_makeaddr	c:@F@p101_inet_makeaddr	network	common-Unix	libraries/lib_network/src/arpa/inet.c	libraries/lib_network/include/p101_network/arpa/p101_inet.h	libraries/lib_unix/src/arpa/inet.c	libraries/lib_unix/include/p101_unix/arpa/p101_inet.h
p101_inet_net_ntop	c:@F@p101_inet_net_ntop	network	common-Unix	libraries/lib_network/src/arpa/inet.c	libraries/lib_network/include/p101_network/arpa/p101_inet.h	libraries/lib_unix/src/arpa/inet.c	libraries/lib_unix/include/p101_unix/arpa/p101_inet.h
p101_inet_net_pton	c:@F@p101_inet_net_pton	network	common-Unix	libraries/lib_network/src/arpa/inet.c	libraries/lib_network/include/p101_network/arpa/p101_inet.h	libraries/lib_unix/src/arpa/inet.c	libraries/lib_unix/include/p101_unix/arpa/p101_inet.h
p101_inet_netof	c:@F@p101_inet_netof	network	common-Unix	libraries/lib_network/src/arpa/inet.c	libraries/lib_network/include/p101_network/arpa/p101_inet.h	libraries/lib_unix/src/arpa/inet.c	libraries/lib_unix/include/p101_unix/arpa/p101_inet.h
p101_inet_network	c:@F@p101_inet_network	network	common-Unix	libraries/lib_network/src/arpa/inet.c	libraries/lib_network/include/p101_network/arpa/p101_inet.h	libraries/lib_unix/src/arpa/inet.c	libraries/lib_unix/include/p101_unix/arpa/p101_inet.h
p101_inet_ntoa	c:@F@p101_inet_ntoa	network	POSIX	libraries/lib_network/src/arpa/inet.c	libraries/lib_network/include/p101_network/arpa/p101_inet.h	libraries/lib_posix/src/arpa/inet.c	libraries/lib_posix/include/p101_posix/arpa/p101_inet.h
p101_inet_ntop	c:@F@p101_inet_ntop	network	POSIX	libraries/lib_network/src/arpa/inet.c	libraries/lib_network/include/p101_network/arpa/p101_inet.h	libraries/lib_posix/src/arpa/inet.c	libraries/lib_posix/include/p101_posix/arpa/p101_inet.h
p101_inet_pton	c:@F@p101_inet_pton	network	POSIX	libraries/lib_network/src/arpa/inet.c	libraries/lib_network/include/p101_network/arpa/p101_inet.h	libraries/lib_posix/src/arpa/inet.c	libraries/lib_posix/include/p101_posix/arpa/p101_inet.h
p101_listen	c:@F@p101_listen	network	POSIX	libraries/lib_network/src/sys/socket.c	libraries/lib_network/include/p101_network/sys/p101_socket.h	libraries/lib_posix/src/sys/socket.c	libraries/lib_posix/include/p101_posix/sys/p101_socket.h
p101_ntohl	c:@F@p101_ntohl	network	POSIX	libraries/lib_network/src/arpa/inet.c	libraries/lib_network/include/p101_network/arpa/p101_inet.h	libraries/lib_posix/src/arpa/inet.c	libraries/lib_posix/include/p101_posix/arpa/p101_inet.h
p101_ntohs	c:@F@p101_ntohs	network	POSIX	libraries/lib_network/src/arpa/inet.c	libraries/lib_network/include/p101_network/arpa/p101_inet.h	libraries/lib_posix/src/arpa/inet.c	libraries/lib_posix/include/p101_posix/arpa/p101_inet.h
p101_recv	c:@F@p101_recv	network	POSIX	libraries/lib_network/src/sys/socket.c	libraries/lib_network/include/p101_network/sys/p101_socket.h	libraries/lib_posix/src/sys/socket.c	libraries/lib_posix/include/p101_posix/sys/p101_socket.h
p101_recvfrom	c:@F@p101_recvfrom	network	POSIX	libraries/lib_network/src/sys/socket.c	libraries/lib_network/include/p101_network/sys/p101_socket.h	libraries/lib_posix/src/sys/socket.c	libraries/lib_posix/include/p101_posix/sys/p101_socket.h
p101_recvmsg	c:@F@p101_recvmsg	network	POSIX	libraries/lib_network/src/sys/socket.c	libraries/lib_network/include/p101_network/sys/p101_socket.h	libraries/lib_posix/src/sys/socket.c	libraries/lib_posix/include/p101_posix/sys/p101_socket.h
p101_send	c:@F@p101_send	network	POSIX	libraries/lib_network/src/sys/socket.c	libraries/lib_network/include/p101_network/sys/p101_socket.h	libraries/lib_posix/src/sys/socket.c	libraries/lib_posix/include/p101_posix/sys/p101_socket.h
p101_sendmsg	c:@F@p101_sendmsg	network	POSIX	libraries/lib_network/src/sys/socket.c	libraries/lib_network/include/p101_network/sys/p101_socket.h	libraries/lib_posix/src/sys/socket.c	libraries/lib_posix/include/p101_posix/sys/p101_socket.h
p101_sendto	c:@F@p101_sendto	network	POSIX	libraries/lib_network/src/sys/socket.c	libraries/lib_network/include/p101_network/sys/p101_socket.h	libraries/lib_posix/src/sys/socket.c	libraries/lib_posix/include/p101_posix/sys/p101_socket.h
p101_sethostent	c:@F@p101_sethostent	network	POSIX	libraries/lib_network/src/netdb.c	libraries/lib_network/include/p101_network/p101_netdb.h	libraries/lib_posix/src/netdb.c	libraries/lib_posix/include/p101_posix/p101_netdb.h
p101_setnetent	c:@F@p101_setnetent	network	POSIX	libraries/lib_network/src/netdb.c	libraries/lib_network/include/p101_network/p101_netdb.h	libraries/lib_posix/src/netdb.c	libraries/lib_posix/include/p101_posix/p101_netdb.h
p101_setprotoent	c:@F@p101_setprotoent	network	POSIX	libraries/lib_network/src/netdb.c	libraries/lib_network/include/p101_network/p101_netdb.h	libraries/lib_posix/src/netdb.c	libraries/lib_posix/include/p101_posix/p101_netdb.h
p101_setservent	c:@F@p101_setservent	network	POSIX	libraries/lib_network/src/netdb.c	libraries/lib_network/include/p101_network/p101_netdb.h	libraries/lib_posix/src/netdb.c	libraries/lib_posix/include/p101_posix/p101_netdb.h
p101_setsockopt	c:@F@p101_setsockopt	network	POSIX	libraries/lib_network/src/sys/socket.c	libraries/lib_network/include/p101_network/sys/p101_socket.h	libraries/lib_posix/src/sys/socket.c	libraries/lib_posix/include/p101_posix/sys/p101_socket.h
p101_shutdown	c:@F@p101_shutdown	network	POSIX	libraries/lib_network/src/sys/socket.c	libraries/lib_network/include/p101_network/sys/p101_socket.h	libraries/lib_posix/src/sys/socket.c	libraries/lib_posix/include/p101_posix/sys/p101_socket.h
p101_sockatmark	c:@F@p101_sockatmark	network	POSIX	libraries/lib_network/src/sys/socket.c	libraries/lib_network/include/p101_network/sys/p101_socket.h	libraries/lib_posix/src/sys/socket.c	libraries/lib_posix/include/p101_posix/sys/p101_socket.h
p101_socket	c:@F@p101_socket	network	POSIX	libraries/lib_network/src/sys/socket.c	libraries/lib_network/include/p101_network/sys/p101_socket.h	libraries/lib_posix/src/sys/socket.c	libraries/lib_posix/include/p101_posix/sys/p101_socket.h
p101_socketpair	c:@F@p101_socketpair	network	POSIX	libraries/lib_network/src/sys/socket.c	libraries/lib_network/include/p101_network/sys/p101_socket.h	libraries/lib_posix/src/sys/socket.c	libraries/lib_posix/include/p101_posix/sys/p101_socket.h
p101_alarm	c:@F@p101_alarm	process	POSIX	libraries/lib_process/src/unistd.c	libraries/lib_process/include/p101_process/p101_unistd.h	libraries/lib_posix/src/unistd.c	libraries/lib_posix/include/p101_posix/p101_unistd.h
p101_execv	c:@F@p101_execv	process	POSIX	libraries/lib_process/src/unistd.c	libraries/lib_process/include/p101_process/p101_unistd.h	libraries/lib_posix/src/unistd.c	libraries/lib_posix/include/p101_posix/p101_unistd.h
p101_execve	c:@F@p101_execve	process	POSIX	libraries/lib_process/src/unistd.c	libraries/lib_process/include/p101_process/p101_unistd.h	libraries/lib_posix/src/unistd.c	libraries/lib_posix/include/p101_posix/p101_unistd.h
p101_execvp	c:@F@p101_execvp	process	POSIX	libraries/lib_process/src/unistd.c	libraries/lib_process/include/p101_process/p101_unistd.h	libraries/lib_posix/src/unistd.c	libraries/lib_posix/include/p101_posix/p101_unistd.h
p101_fork	c:@F@p101_fork	process	POSIX	libraries/lib_process/src/unistd.c	libraries/lib_process/include/p101_process/p101_unistd.h	libraries/lib_posix/src/unistd.c	libraries/lib_posix/include/p101_posix/p101_unistd.h
p101_getpgid	c:@F@p101_getpgid	process	POSIX	libraries/lib_process/src/unistd.c	libraries/lib_process/include/p101_process/p101_unistd.h	libraries/lib_posix/src/unistd.c	libraries/lib_posix/include/p101_posix/p101_unistd.h
p101_getpgrp	c:@F@p101_getpgrp	process	POSIX	libraries/lib_process/src/unistd.c	libraries/lib_process/include/p101_process/p101_unistd.h	libraries/lib_posix/src/unistd.c	libraries/lib_posix/include/p101_posix/p101_unistd.h
p101_getpid	c:@F@p101_getpid	process	POSIX	libraries/lib_process/src/unistd.c	libraries/lib_process/include/p101_process/p101_unistd.h	libraries/lib_posix/src/unistd.c	libraries/lib_posix/include/p101_posix/p101_unistd.h
p101_getppid	c:@F@p101_getppid	process	POSIX	libraries/lib_process/src/unistd.c	libraries/lib_process/include/p101_process/p101_unistd.h	libraries/lib_posix/src/unistd.c	libraries/lib_posix/include/p101_posix/p101_unistd.h
p101_getpriority	c:@F@p101_getpriority	process	XSI	libraries/lib_process/src/sys/resource.c	libraries/lib_process/include/p101_process/sys/p101_resource.h	libraries/lib_posix_xsi/src/sys/resource.c	libraries/lib_posix_xsi/include/p101_posix_xsi/sys/p101_resource.h
p101_getrlimit	c:@F@p101_getrlimit	process	XSI	libraries/lib_process/src/sys/resource.c	libraries/lib_process/include/p101_process/sys/p101_resource.h	libraries/lib_posix_xsi/src/sys/resource.c	libraries/lib_posix_xsi/include/p101_posix_xsi/sys/p101_resource.h
p101_getrusage	c:@F@p101_getrusage	process	XSI	libraries/lib_process/src/sys/resource.c	libraries/lib_process/include/p101_process/sys/p101_resource.h	libraries/lib_posix_xsi/src/sys/resource.c	libraries/lib_posix_xsi/include/p101_posix_xsi/sys/p101_resource.h
p101_getsid	c:@F@p101_getsid	process	POSIX	libraries/lib_process/src/unistd.c	libraries/lib_process/include/p101_process/p101_unistd.h	libraries/lib_posix/src/unistd.c	libraries/lib_posix/include/p101_posix/p101_unistd.h
p101_kill	c:@F@p101_kill	process	POSIX	libraries/lib_process/src/signal.c	libraries/lib_process/include/p101_process/p101_signal.h	libraries/lib_posix/src/signal.c	libraries/lib_posix/include/p101_posix/p101_signal.h
p101_killpg	c:@F@p101_killpg	process	XSI	libraries/lib_process/src/signal.c	libraries/lib_process/include/p101_process/p101_signal.h	libraries/lib_posix_xsi/src/signal.c	libraries/lib_posix_xsi/include/p101_posix_xsi/p101_signal.h
p101_nice	c:@F@p101_nice	process	XSI	libraries/lib_process/src/unistd.c	libraries/lib_process/include/p101_process/p101_unistd.h	libraries/lib_posix_xsi/src/unistd.c	libraries/lib_posix_xsi/include/p101_posix_xsi/p101_unistd.h
p101_pause	c:@F@p101_pause	process	POSIX	libraries/lib_process/src/unistd.c	libraries/lib_process/include/p101_process/p101_unistd.h	libraries/lib_posix/src/unistd.c	libraries/lib_posix/include/p101_posix/p101_unistd.h
p101_pclose	c:@F@p101_pclose	process	POSIX	libraries/lib_process/src/stdio.c	libraries/lib_process/include/p101_process/p101_stdio.h	libraries/lib_posix/src/stdio.c	libraries/lib_posix/include/p101_posix/p101_stdio.h
p101_popen	c:@F@p101_popen	process	POSIX	libraries/lib_process/src/stdio.c	libraries/lib_process/include/p101_process/p101_stdio.h	libraries/lib_posix/src/stdio.c	libraries/lib_posix/include/p101_posix/p101_stdio.h
p101_posix_spawn	c:@F@p101_posix_spawn	process	POSIX-optional	libraries/lib_process/src/spawn.c	libraries/lib_process/include/p101_process/p101_spawn.h	libraries/lib_posix_optional/src/spawn.c	libraries/lib_posix_optional/include/p101_posix_optional/p101_spawn.h
p101_posix_spawn_file_actions_addclose	c:@F@p101_posix_spawn_file_actions_addclose	process	POSIX-optional	libraries/lib_process/src/spawn.c	libraries/lib_process/include/p101_process/p101_spawn.h	libraries/lib_posix_optional/src/spawn.c	libraries/lib_posix_optional/include/p101_posix_optional/p101_spawn.h
p101_posix_spawn_file_actions_adddup2	c:@F@p101_posix_spawn_file_actions_adddup2	process	POSIX-optional	libraries/lib_process/src/spawn.c	libraries/lib_process/include/p101_process/p101_spawn.h	libraries/lib_posix_optional/src/spawn.c	libraries/lib_posix_optional/include/p101_posix_optional/p101_spawn.h
p101_posix_spawn_file_actions_addopen	c:@F@p101_posix_spawn_file_actions_addopen	process	POSIX-optional	libraries/lib_process/src/spawn.c	libraries/lib_process/include/p101_process/p101_spawn.h	libraries/lib_posix_optional/src/spawn.c	libraries/lib_posix_optional/include/p101_posix_optional/p101_spawn.h
p101_posix_spawn_file_actions_destroy	c:@F@p101_posix_spawn_file_actions_destroy	process	POSIX-optional	libraries/lib_process/src/spawn.c	libraries/lib_process/include/p101_process/p101_spawn.h	libraries/lib_posix_optional/src/spawn.c	libraries/lib_posix_optional/include/p101_posix_optional/p101_spawn.h
p101_posix_spawn_file_actions_init	c:@F@p101_posix_spawn_file_actions_init	process	POSIX-optional	libraries/lib_process/src/spawn.c	libraries/lib_process/include/p101_process/p101_spawn.h	libraries/lib_posix_optional/src/spawn.c	libraries/lib_posix_optional/include/p101_posix_optional/p101_spawn.h
p101_posix_spawnattr_destroy	c:@F@p101_posix_spawnattr_destroy	process	POSIX-optional	libraries/lib_process/src/spawn.c	libraries/lib_process/include/p101_process/p101_spawn.h	libraries/lib_posix_optional/src/spawn.c	libraries/lib_posix_optional/include/p101_posix_optional/p101_spawn.h
p101_posix_spawnattr_getflags	c:@F@p101_posix_spawnattr_getflags	process	POSIX-optional	libraries/lib_process/src/spawn.c	libraries/lib_process/include/p101_process/p101_spawn.h	libraries/lib_posix_optional/src/spawn.c	libraries/lib_posix_optional/include/p101_posix_optional/p101_spawn.h
p101_posix_spawnattr_getpgroup	c:@F@p101_posix_spawnattr_getpgroup	process	POSIX-optional	libraries/lib_process/src/spawn.c	libraries/lib_process/include/p101_process/p101_spawn.h	libraries/lib_posix_optional/src/spawn.c	libraries/lib_posix_optional/include/p101_posix_optional/p101_spawn.h
p101_posix_spawnattr_getsigdefault	c:@F@p101_posix_spawnattr_getsigdefault	process	POSIX-optional	libraries/lib_process/src/spawn.c	libraries/lib_process/include/p101_process/p101_spawn.h	libraries/lib_posix_optional/src/spawn.c	libraries/lib_posix_optional/include/p101_posix_optional/p101_spawn.h
p101_posix_spawnattr_getsigmask	c:@F@p101_posix_spawnattr_getsigmask	process	POSIX-optional	libraries/lib_process/src/spawn.c	libraries/lib_process/include/p101_process/p101_spawn.h	libraries/lib_posix_optional/src/spawn.c	libraries/lib_posix_optional/include/p101_posix_optional/p101_spawn.h
p101_posix_spawnattr_init	c:@F@p101_posix_spawnattr_init	process	POSIX-optional	libraries/lib_process/src/spawn.c	libraries/lib_process/include/p101_process/p101_spawn.h	libraries/lib_posix_optional/src/spawn.c	libraries/lib_posix_optional/include/p101_posix_optional/p101_spawn.h
p101_posix_spawnattr_setflags	c:@F@p101_posix_spawnattr_setflags	process	POSIX-optional	libraries/lib_process/src/spawn.c	libraries/lib_process/include/p101_process/p101_spawn.h	libraries/lib_posix_optional/src/spawn.c	libraries/lib_posix_optional/include/p101_posix_optional/p101_spawn.h
p101_posix_spawnattr_setpgroup	c:@F@p101_posix_spawnattr_setpgroup	process	POSIX-optional	libraries/lib_process/src/spawn.c	libraries/lib_process/include/p101_process/p101_spawn.h	libraries/lib_posix_optional/src/spawn.c	libraries/lib_posix_optional/include/p101_posix_optional/p101_spawn.h
p101_posix_spawnattr_setsigdefault	c:@F@p101_posix_spawnattr_setsigdefault	process	POSIX-optional	libraries/lib_process/src/spawn.c	libraries/lib_process/include/p101_process/p101_spawn.h	libraries/lib_posix_optional/src/spawn.c	libraries/lib_posix_optional/include/p101_posix_optional/p101_spawn.h
p101_posix_spawnattr_setsigmask	c:@F@p101_posix_spawnattr_setsigmask	process	POSIX-optional	libraries/lib_process/src/spawn.c	libraries/lib_process/include/p101_process/p101_spawn.h	libraries/lib_posix_optional/src/spawn.c	libraries/lib_posix_optional/include/p101_posix_optional/p101_spawn.h
p101_posix_spawnp	c:@F@p101_posix_spawnp	process	POSIX-optional	libraries/lib_process/src/spawn.c	libraries/lib_process/include/p101_process/p101_spawn.h	libraries/lib_posix_optional/src/spawn.c	libraries/lib_posix_optional/include/p101_posix_optional/p101_spawn.h
p101_putenv	c:@F@p101_putenv	process	XSI	libraries/lib_process/src/stdlib.c	libraries/lib_process/include/p101_process/p101_stdlib.h	libraries/lib_posix_xsi/src/stdlib.c	libraries/lib_posix_xsi/include/p101_posix_xsi/p101_stdlib.h
p101_sched_get_priority_max	c:@F@p101_sched_get_priority_max	process	POSIX-optional	libraries/lib_process/src/sched.c	libraries/lib_process/include/p101_process/p101_sched.h	libraries/lib_posix_optional/src/sched.c	libraries/lib_posix_optional/include/p101_posix_optional/p101_sched.h
p101_sched_get_priority_min	c:@F@p101_sched_get_priority_min	process	POSIX-optional	libraries/lib_process/src/sched.c	libraries/lib_process/include/p101_process/p101_sched.h	libraries/lib_posix_optional/src/sched.c	libraries/lib_posix_optional/include/p101_posix_optional/p101_sched.h
p101_sched_yield	c:@F@p101_sched_yield	process	POSIX	libraries/lib_process/src/sched.c	libraries/lib_process/include/p101_process/p101_sched.h	libraries/lib_posix/src/sched.c	libraries/lib_posix/include/p101_posix/p101_sched.h
p101_setenv	c:@F@p101_setenv	process	POSIX	libraries/lib_process/src/stdlib.c	libraries/lib_process/include/p101_process/p101_stdlib.h	libraries/lib_posix/src/stdlib.c	libraries/lib_posix/include/p101_posix/p101_stdlib.h
p101_setpgid	c:@F@p101_setpgid	process	POSIX	libraries/lib_process/src/unistd.c	libraries/lib_process/include/p101_process/p101_unistd.h	libraries/lib_posix/src/unistd.c	libraries/lib_posix/include/p101_posix/p101_unistd.h
p101_setpriority	c:@F@p101_setpriority	process	XSI	libraries/lib_process/src/sys/resource.c	libraries/lib_process/include/p101_process/sys/p101_resource.h	libraries/lib_posix_xsi/src/sys/resource.c	libraries/lib_posix_xsi/include/p101_posix_xsi/sys/p101_resource.h
p101_setrlimit	c:@F@p101_setrlimit	process	XSI	libraries/lib_process/src/sys/resource.c	libraries/lib_process/include/p101_process/sys/p101_resource.h	libraries/lib_posix_xsi/src/sys/resource.c	libraries/lib_posix_xsi/include/p101_posix_xsi/sys/p101_resource.h
p101_setsid	c:@F@p101_setsid	process	POSIX	libraries/lib_process/src/unistd.c	libraries/lib_process/include/p101_process/p101_unistd.h	libraries/lib_posix/src/unistd.c	libraries/lib_posix/include/p101_posix/p101_unistd.h
p101_sigaction	c:@F@p101_sigaction	process	POSIX	libraries/lib_process/src/signal.c	libraries/lib_process/include/p101_process/p101_signal.h	libraries/lib_posix/src/signal.c	libraries/lib_posix/include/p101_posix/p101_signal.h
p101_sigaddset	c:@F@p101_sigaddset	process	POSIX	libraries/lib_process/src/signal.c	libraries/lib_process/include/p101_process/p101_signal.h	libraries/lib_posix/src/signal.c	libraries/lib_posix/include/p101_posix/p101_signal.h
p101_sigaltstack	c:@F@p101_sigaltstack	process	XSI	libraries/lib_process/src/signal.c	libraries/lib_process/include/p101_process/p101_signal.h	libraries/lib_posix_xsi/src/signal.c	libraries/lib_posix_xsi/include/p101_posix_xsi/p101_signal.h
p101_sigdelset	c:@F@p101_sigdelset	process	POSIX	libraries/lib_process/src/signal.c	libraries/lib_process/include/p101_process/p101_signal.h	libraries/lib_posix/src/signal.c	libraries/lib_posix/include/p101_posix/p101_signal.h
p101_sigemptyset	c:@F@p101_sigemptyset	process	POSIX	libraries/lib_process/src/signal.c	libraries/lib_process/include/p101_process/p101_signal.h	libraries/lib_posix/src/signal.c	libraries/lib_posix/include/p101_posix/p101_signal.h
p101_sigfillset	c:@F@p101_sigfillset	process	POSIX	libraries/lib_process/src/signal.c	libraries/lib_process/include/p101_process/p101_signal.h	libraries/lib_posix/src/signal.c	libraries/lib_posix/include/p101_posix/p101_signal.h
p101_sigismember	c:@F@p101_sigismember	process	POSIX	libraries/lib_process/src/signal.c	libraries/lib_process/include/p101_process/p101_signal.h	libraries/lib_posix/src/signal.c	libraries/lib_posix/include/p101_posix/p101_signal.h
p101_siglongjmp	c:@F@p101_siglongjmp	process	POSIX	libraries/lib_process/src/setjmp.c	libraries/lib_process/include/p101_process/p101_setjmp.h	libraries/lib_posix/src/setjmp.c	libraries/lib_posix/include/p101_posix/p101_setjmp.h
p101_sigpending	c:@F@p101_sigpending	process	POSIX	libraries/lib_process/src/signal.c	libraries/lib_process/include/p101_process/p101_signal.h	libraries/lib_posix/src/signal.c	libraries/lib_posix/include/p101_posix/p101_signal.h
p101_sigprocmask	c:@F@p101_sigprocmask	process	POSIX	libraries/lib_process/src/signal.c	libraries/lib_process/include/p101_process/p101_signal.h	libraries/lib_posix/src/signal.c	libraries/lib_posix/include/p101_posix/p101_signal.h
p101_sigsuspend	c:@F@p101_sigsuspend	process	POSIX	libraries/lib_process/src/signal.c	libraries/lib_process/include/p101_process/p101_signal.h	libraries/lib_posix/src/signal.c	libraries/lib_posix/include/p101_posix/p101_signal.h
p101_sigwait	c:@F@p101_sigwait	process	POSIX	libraries/lib_process/src/signal.c	libraries/lib_process/include/p101_process/p101_signal.h	libraries/lib_posix/src/signal.c	libraries/lib_posix/include/p101_posix/p101_signal.h
p101_sleep	c:@F@p101_sleep	process	POSIX	libraries/lib_process/src/unistd.c	libraries/lib_process/include/p101_process/p101_unistd.h	libraries/lib_posix/src/unistd.c	libraries/lib_posix/include/p101_posix/p101_unistd.h
p101_times	c:@F@p101_times	process	POSIX	libraries/lib_process/src/sys/times.c	libraries/lib_process/include/p101_process/sys/p101_times.h	libraries/lib_posix/src/sys/times.c	libraries/lib_posix/include/p101_posix/sys/p101_times.h
p101_unsetenv	c:@F@p101_unsetenv	process	POSIX	libraries/lib_process/src/stdlib.c	libraries/lib_process/include/p101_process/p101_stdlib.h	libraries/lib_posix/src/stdlib.c	libraries/lib_posix/include/p101_posix/p101_stdlib.h
p101_wait	c:@F@p101_wait	process	POSIX	libraries/lib_process/src/sys/wait.c	libraries/lib_process/include/p101_process/sys/p101_wait.h	libraries/lib_posix/src/sys/wait.c	libraries/lib_posix/include/p101_posix/sys/p101_wait.h
p101_waitid	c:@F@p101_waitid	process	POSIX	libraries/lib_process/src/sys/wait.c	libraries/lib_process/include/p101_process/sys/p101_wait.h	libraries/lib_posix/src/sys/wait.c	libraries/lib_posix/include/p101_posix/sys/p101_wait.h
p101_waitpid	c:@F@p101_waitpid	process	POSIX	libraries/lib_process/src/sys/wait.c	libraries/lib_process/include/p101_process/sys/p101_wait.h	libraries/lib_posix/src/sys/wait.c	libraries/lib_posix/include/p101_posix/sys/p101_wait.h
p101_arc4random	c:@F@p101_arc4random	random	common-Unix	libraries/lib_numeric/src/p101_random/stdlib.c	libraries/lib_numeric/include/p101_random/p101_stdlib.h	libraries/lib_unix/src/stdlib.c	libraries/lib_unix/include/p101_unix/p101_stdlib.h
p101_arc4random_buf	c:@F@p101_arc4random_buf	random	common-Unix	libraries/lib_numeric/src/p101_random/stdlib.c	libraries/lib_numeric/include/p101_random/p101_stdlib.h	libraries/lib_unix/src/stdlib.c	libraries/lib_unix/include/p101_unix/p101_stdlib.h
p101_arc4random_uniform	c:@F@p101_arc4random_uniform	random	common-Unix	libraries/lib_numeric/src/p101_random/stdlib.c	libraries/lib_numeric/include/p101_random/p101_stdlib.h	libraries/lib_unix/src/stdlib.c	libraries/lib_unix/include/p101_unix/p101_stdlib.h
p101_initstate	c:@F@p101_initstate	random	XSI	libraries/lib_numeric/src/p101_random/stdlib.c	libraries/lib_numeric/include/p101_random/p101_stdlib.h	libraries/lib_posix_xsi/src/stdlib.c	libraries/lib_posix_xsi/include/p101_posix_xsi/p101_stdlib.h
p101_seed48	c:@F@p101_seed48	random	XSI	libraries/lib_numeric/src/p101_random/stdlib.c	libraries/lib_numeric/include/p101_random/p101_stdlib.h	libraries/lib_posix_xsi/src/stdlib.c	libraries/lib_posix_xsi/include/p101_posix_xsi/p101_stdlib.h
p101_setstate	c:@F@p101_setstate	random	XSI	libraries/lib_numeric/src/p101_random/stdlib.c	libraries/lib_numeric/include/p101_random/p101_stdlib.h	libraries/lib_posix_xsi/src/stdlib.c	libraries/lib_posix_xsi/include/p101_posix_xsi/p101_stdlib.h
p101_srand48	c:@F@p101_srand48	random	XSI	libraries/lib_numeric/src/p101_random/stdlib.c	libraries/lib_numeric/include/p101_random/p101_stdlib.h	libraries/lib_posix_xsi/src/stdlib.c	libraries/lib_posix_xsi/include/p101_posix_xsi/p101_stdlib.h
p101_srandom	c:@F@p101_srandom	random	XSI	libraries/lib_numeric/src/p101_random/stdlib.c	libraries/lib_numeric/include/p101_random/p101_stdlib.h	libraries/lib_posix_xsi/src/stdlib.c	libraries/lib_posix_xsi/include/p101_posix_xsi/p101_stdlib.h
p101_hcreate	c:@F@p101_hcreate	search	XSI	libraries/lib_search/src/search.c	libraries/lib_search/include/p101_search/p101_search.h	libraries/lib_posix_xsi/src/search.c	libraries/lib_posix_xsi/include/p101_posix_xsi/p101_search.h
p101_hdestroy	c:@F@p101_hdestroy	search	XSI	libraries/lib_search/src/search.c	libraries/lib_search/include/p101_search/p101_search.h	libraries/lib_posix_xsi/src/search.c	libraries/lib_posix_xsi/include/p101_posix_xsi/p101_search.h
p101_hsearch	c:@F@p101_hsearch	search	XSI	libraries/lib_search/src/search.c	libraries/lib_search/include/p101_search/p101_search.h	libraries/lib_posix_xsi/src/search.c	libraries/lib_posix_xsi/include/p101_posix_xsi/p101_search.h
p101_insque	c:@F@p101_insque	search	XSI	libraries/lib_search/src/search.c	libraries/lib_search/include/p101_search/p101_search.h	libraries/lib_posix_xsi/src/search.c	libraries/lib_posix_xsi/include/p101_posix_xsi/p101_search.h
p101_lfind	c:@F@p101_lfind	search	XSI	libraries/lib_search/src/search.c	libraries/lib_search/include/p101_search/p101_search.h	libraries/lib_posix_xsi/src/search.c	libraries/lib_posix_xsi/include/p101_posix_xsi/p101_search.h
p101_lsearch	c:@F@p101_lsearch	search	XSI	libraries/lib_search/src/search.c	libraries/lib_search/include/p101_search/p101_search.h	libraries/lib_posix_xsi/src/search.c	libraries/lib_posix_xsi/include/p101_posix_xsi/p101_search.h
p101_remque	c:@F@p101_remque	search	XSI	libraries/lib_search/src/search.c	libraries/lib_search/include/p101_search/p101_search.h	libraries/lib_posix_xsi/src/search.c	libraries/lib_posix_xsi/include/p101_posix_xsi/p101_search.h
p101_tdelete	c:@F@p101_tdelete	search	XSI	libraries/lib_search/src/search.c	libraries/lib_search/include/p101_search/p101_search.h	libraries/lib_posix_xsi/src/search.c	libraries/lib_posix_xsi/include/p101_posix_xsi/p101_search.h
p101_tfind	c:@F@p101_tfind	search	XSI	libraries/lib_search/src/search.c	libraries/lib_search/include/p101_search/p101_search.h	libraries/lib_posix_xsi/src/search.c	libraries/lib_posix_xsi/include/p101_posix_xsi/p101_search.h
p101_tsearch	c:@F@p101_tsearch	search	XSI	libraries/lib_search/src/search.c	libraries/lib_search/include/p101_search/p101_search.h	libraries/lib_posix_xsi/src/search.c	libraries/lib_posix_xsi/include/p101_posix_xsi/p101_search.h
p101_twalk	c:@F@p101_twalk	search	XSI	libraries/lib_search/src/search.c	libraries/lib_search/include/p101_search/p101_search.h	libraries/lib_posix_xsi/src/search.c	libraries/lib_posix_xsi/include/p101_posix_xsi/p101_search.h
p101_pthread_cond_broadcast	c:@F@p101_pthread_cond_broadcast	sync	POSIX	libraries/lib_concurrency/src/p101_sync/pthread.c	libraries/lib_concurrency/include/p101_sync/p101_pthread.h	libraries/lib_posix/src/pthread.c	libraries/lib_posix/include/p101_posix/p101_pthread.h
p101_pthread_cond_destroy	c:@F@p101_pthread_cond_destroy	sync	POSIX	libraries/lib_concurrency/src/p101_sync/pthread.c	libraries/lib_concurrency/include/p101_sync/p101_pthread.h	libraries/lib_posix/src/pthread.c	libraries/lib_posix/include/p101_posix/p101_pthread.h
p101_pthread_cond_init	c:@F@p101_pthread_cond_init	sync	POSIX	libraries/lib_concurrency/src/p101_sync/pthread.c	libraries/lib_concurrency/include/p101_sync/p101_pthread.h	libraries/lib_posix/src/pthread.c	libraries/lib_posix/include/p101_posix/p101_pthread.h
p101_pthread_cond_signal	c:@F@p101_pthread_cond_signal	sync	POSIX	libraries/lib_concurrency/src/p101_sync/pthread.c	libraries/lib_concurrency/include/p101_sync/p101_pthread.h	libraries/lib_posix/src/pthread.c	libraries/lib_posix/include/p101_posix/p101_pthread.h
p101_pthread_cond_timedwait	c:@F@p101_pthread_cond_timedwait	sync	POSIX	libraries/lib_concurrency/src/p101_sync/pthread.c	libraries/lib_concurrency/include/p101_sync/p101_pthread.h	libraries/lib_posix/src/pthread.c	libraries/lib_posix/include/p101_posix/p101_pthread.h
p101_pthread_cond_wait	c:@F@p101_pthread_cond_wait	sync	POSIX	libraries/lib_concurrency/src/p101_sync/pthread.c	libraries/lib_concurrency/include/p101_sync/p101_pthread.h	libraries/lib_posix/src/pthread.c	libraries/lib_posix/include/p101_posix/p101_pthread.h
p101_pthread_condattr_destroy	c:@F@p101_pthread_condattr_destroy	sync	POSIX	libraries/lib_concurrency/src/p101_sync/pthread.c	libraries/lib_concurrency/include/p101_sync/p101_pthread.h	libraries/lib_posix/src/pthread.c	libraries/lib_posix/include/p101_posix/p101_pthread.h
p101_pthread_condattr_getpshared	c:@F@p101_pthread_condattr_getpshared	sync	POSIX-optional	libraries/lib_concurrency/src/p101_sync/pthread.c	libraries/lib_concurrency/include/p101_sync/p101_pthread.h	libraries/lib_posix_optional/src/pthread.c	libraries/lib_posix_optional/include/p101_posix_optional/p101_pthread.h
p101_pthread_condattr_init	c:@F@p101_pthread_condattr_init	sync	POSIX	libraries/lib_concurrency/src/p101_sync/pthread.c	libraries/lib_concurrency/include/p101_sync/p101_pthread.h	libraries/lib_posix/src/pthread.c	libraries/lib_posix/include/p101_posix/p101_pthread.h
p101_pthread_condattr_setpshared	c:@F@p101_pthread_condattr_setpshared	sync	POSIX-optional	libraries/lib_concurrency/src/p101_sync/pthread.c	libraries/lib_concurrency/include/p101_sync/p101_pthread.h	libraries/lib_posix_optional/src/pthread.c	libraries/lib_posix_optional/include/p101_posix_optional/p101_pthread.h
p101_pthread_mutex_destroy	c:@F@p101_pthread_mutex_destroy	sync	POSIX	libraries/lib_concurrency/src/p101_sync/pthread.c	libraries/lib_concurrency/include/p101_sync/p101_pthread.h	libraries/lib_posix/src/pthread.c	libraries/lib_posix/include/p101_posix/p101_pthread.h
p101_pthread_mutex_getprioceiling	c:@F@p101_pthread_mutex_getprioceiling	sync	POSIX-optional	libraries/lib_concurrency/src/p101_sync/pthread.c	libraries/lib_concurrency/include/p101_sync/p101_pthread.h	libraries/lib_posix_optional/src/pthread.c	libraries/lib_posix_optional/include/p101_posix_optional/p101_pthread.h
p101_pthread_mutex_init	c:@F@p101_pthread_mutex_init	sync	POSIX	libraries/lib_concurrency/src/p101_sync/pthread.c	libraries/lib_concurrency/include/p101_sync/p101_pthread.h	libraries/lib_posix/src/pthread.c	libraries/lib_posix/include/p101_posix/p101_pthread.h
p101_pthread_mutex_lock	c:@F@p101_pthread_mutex_lock	sync	POSIX	libraries/lib_concurrency/src/p101_sync/pthread.c	libraries/lib_concurrency/include/p101_sync/p101_pthread.h	libraries/lib_posix/src/pthread.c	libraries/lib_posix/include/p101_posix/p101_pthread.h
p101_pthread_mutex_setprioceiling	c:@F@p101_pthread_mutex_setprioceiling	sync	POSIX-optional	libraries/lib_concurrency/src/p101_sync/pthread.c	libraries/lib_concurrency/include/p101_sync/p101_pthread.h	libraries/lib_posix_optional/src/pthread.c	libraries/lib_posix_optional/include/p101_posix_optional/p101_pthread.h
p101_pthread_mutex_trylock	c:@F@p101_pthread_mutex_trylock	sync	POSIX	libraries/lib_concurrency/src/p101_sync/pthread.c	libraries/lib_concurrency/include/p101_sync/p101_pthread.h	libraries/lib_posix/src/pthread.c	libraries/lib_posix/include/p101_posix/p101_pthread.h
p101_pthread_mutex_unlock	c:@F@p101_pthread_mutex_unlock	sync	POSIX	libraries/lib_concurrency/src/p101_sync/pthread.c	libraries/lib_concurrency/include/p101_sync/p101_pthread.h	libraries/lib_posix/src/pthread.c	libraries/lib_posix/include/p101_posix/p101_pthread.h
p101_pthread_mutexattr_destroy	c:@F@p101_pthread_mutexattr_destroy	sync	POSIX	libraries/lib_concurrency/src/p101_sync/pthread.c	libraries/lib_concurrency/include/p101_sync/p101_pthread.h	libraries/lib_posix/src/pthread.c	libraries/lib_posix/include/p101_posix/p101_pthread.h
p101_pthread_mutexattr_getprioceiling	c:@F@p101_pthread_mutexattr_getprioceiling	sync	POSIX-optional	libraries/lib_concurrency/src/p101_sync/pthread.c	libraries/lib_concurrency/include/p101_sync/p101_pthread.h	libraries/lib_posix_optional/src/pthread.c	libraries/lib_posix_optional/include/p101_posix_optional/p101_pthread.h
p101_pthread_mutexattr_getprotocol	c:@F@p101_pthread_mutexattr_getprotocol	sync	POSIX-optional	libraries/lib_concurrency/src/p101_sync/pthread.c	libraries/lib_concurrency/include/p101_sync/p101_pthread.h	libraries/lib_posix_optional/src/pthread.c	libraries/lib_posix_optional/include/p101_posix_optional/p101_pthread.h
p101_pthread_mutexattr_getpshared	c:@F@p101_pthread_mutexattr_getpshared	sync	POSIX-optional	libraries/lib_concurrency/src/p101_sync/pthread.c	libraries/lib_concurrency/include/p101_sync/p101_pthread.h	libraries/lib_posix_optional/src/pthread.c	libraries/lib_posix_optional/include/p101_posix_optional/p101_pthread.h
p101_pthread_mutexattr_gettype	c:@F@p101_pthread_mutexattr_gettype	sync	POSIX	libraries/lib_concurrency/src/p101_sync/pthread.c	libraries/lib_concurrency/include/p101_sync/p101_pthread.h	libraries/lib_posix/src/pthread.c	libraries/lib_posix/include/p101_posix/p101_pthread.h
p101_pthread_mutexattr_init	c:@F@p101_pthread_mutexattr_init	sync	POSIX	libraries/lib_concurrency/src/p101_sync/pthread.c	libraries/lib_concurrency/include/p101_sync/p101_pthread.h	libraries/lib_posix/src/pthread.c	libraries/lib_posix/include/p101_posix/p101_pthread.h
p101_pthread_mutexattr_setprioceiling	c:@F@p101_pthread_mutexattr_setprioceiling	sync	POSIX-optional	libraries/lib_concurrency/src/p101_sync/pthread.c	libraries/lib_concurrency/include/p101_sync/p101_pthread.h	libraries/lib_posix_optional/src/pthread.c	libraries/lib_posix_optional/include/p101_posix_optional/p101_pthread.h
p101_pthread_mutexattr_setprotocol	c:@F@p101_pthread_mutexattr_setprotocol	sync	POSIX-optional	libraries/lib_concurrency/src/p101_sync/pthread.c	libraries/lib_concurrency/include/p101_sync/p101_pthread.h	libraries/lib_posix_optional/src/pthread.c	libraries/lib_posix_optional/include/p101_posix_optional/p101_pthread.h
p101_pthread_mutexattr_setpshared	c:@F@p101_pthread_mutexattr_setpshared	sync	POSIX-optional	libraries/lib_concurrency/src/p101_sync/pthread.c	libraries/lib_concurrency/include/p101_sync/p101_pthread.h	libraries/lib_posix_optional/src/pthread.c	libraries/lib_posix_optional/include/p101_posix_optional/p101_pthread.h
p101_pthread_mutexattr_settype	c:@F@p101_pthread_mutexattr_settype	sync	POSIX	libraries/lib_concurrency/src/p101_sync/pthread.c	libraries/lib_concurrency/include/p101_sync/p101_pthread.h	libraries/lib_posix/src/pthread.c	libraries/lib_posix/include/p101_posix/p101_pthread.h
p101_pthread_once	c:@F@p101_pthread_once	sync	POSIX	libraries/lib_concurrency/src/p101_sync/pthread.c	libraries/lib_concurrency/include/p101_sync/p101_pthread.h	libraries/lib_posix/src/pthread.c	libraries/lib_posix/include/p101_posix/p101_pthread.h
p101_pthread_rwlock_destroy	c:@F@p101_pthread_rwlock_destroy	sync	POSIX	libraries/lib_concurrency/src/p101_sync/pthread.c	libraries/lib_concurrency/include/p101_sync/p101_pthread.h	libraries/lib_posix/src/pthread.c	libraries/lib_posix/include/p101_posix/p101_pthread.h
p101_pthread_rwlock_init	c:@F@p101_pthread_rwlock_init	sync	POSIX	libraries/lib_concurrency/src/p101_sync/pthread.c	libraries/lib_concurrency/include/p101_sync/p101_pthread.h	libraries/lib_posix/src/pthread.c	libraries/lib_posix/include/p101_posix/p101_pthread.h
p101_pthread_rwlock_rdlock	c:@F@p101_pthread_rwlock_rdlock	sync	POSIX	libraries/lib_concurrency/src/p101_sync/pthread.c	libraries/lib_concurrency/include/p101_sync/p101_pthread.h	libraries/lib_posix/src/pthread.c	libraries/lib_posix/include/p101_posix/p101_pthread.h
p101_pthread_rwlock_tryrdlock	c:@F@p101_pthread_rwlock_tryrdlock	sync	POSIX	libraries/lib_concurrency/src/p101_sync/pthread.c	libraries/lib_concurrency/include/p101_sync/p101_pthread.h	libraries/lib_posix/src/pthread.c	libraries/lib_posix/include/p101_posix/p101_pthread.h
p101_pthread_rwlock_trywrlock	c:@F@p101_pthread_rwlock_trywrlock	sync	POSIX	libraries/lib_concurrency/src/p101_sync/pthread.c	libraries/lib_concurrency/include/p101_sync/p101_pthread.h	libraries/lib_posix/src/pthread.c	libraries/lib_posix/include/p101_posix/p101_pthread.h
p101_pthread_rwlock_unlock	c:@F@p101_pthread_rwlock_unlock	sync	POSIX	libraries/lib_concurrency/src/p101_sync/pthread.c	libraries/lib_concurrency/include/p101_sync/p101_pthread.h	libraries/lib_posix/src/pthread.c	libraries/lib_posix/include/p101_posix/p101_pthread.h
p101_pthread_rwlock_wrlock	c:@F@p101_pthread_rwlock_wrlock	sync	POSIX	libraries/lib_concurrency/src/p101_sync/pthread.c	libraries/lib_concurrency/include/p101_sync/p101_pthread.h	libraries/lib_posix/src/pthread.c	libraries/lib_posix/include/p101_posix/p101_pthread.h
p101_pthread_rwlockattr_destroy	c:@F@p101_pthread_rwlockattr_destroy	sync	POSIX	libraries/lib_concurrency/src/p101_sync/pthread.c	libraries/lib_concurrency/include/p101_sync/p101_pthread.h	libraries/lib_posix/src/pthread.c	libraries/lib_posix/include/p101_posix/p101_pthread.h
p101_pthread_rwlockattr_getpshared	c:@F@p101_pthread_rwlockattr_getpshared	sync	POSIX-optional	libraries/lib_concurrency/src/p101_sync/pthread.c	libraries/lib_concurrency/include/p101_sync/p101_pthread.h	libraries/lib_posix_optional/src/pthread.c	libraries/lib_posix_optional/include/p101_posix_optional/p101_pthread.h
p101_pthread_rwlockattr_init	c:@F@p101_pthread_rwlockattr_init	sync	POSIX	libraries/lib_concurrency/src/p101_sync/pthread.c	libraries/lib_concurrency/include/p101_sync/p101_pthread.h	libraries/lib_posix/src/pthread.c	libraries/lib_posix/include/p101_posix/p101_pthread.h
p101_pthread_rwlockattr_setpshared	c:@F@p101_pthread_rwlockattr_setpshared	sync	POSIX-optional	libraries/lib_concurrency/src/p101_sync/pthread.c	libraries/lib_concurrency/include/p101_sync/p101_pthread.h	libraries/lib_posix_optional/src/pthread.c	libraries/lib_posix_optional/include/p101_posix_optional/p101_pthread.h
p101_sem_close	c:@F@p101_sem_close	sync	POSIX	libraries/lib_concurrency/src/p101_sync/semaphore.c	libraries/lib_concurrency/include/p101_sync/p101_semaphore.h	libraries/lib_posix/src/semaphore.c	libraries/lib_posix/include/p101_posix/p101_semaphore.h
p101_sem_open	c:@F@p101_sem_open	sync	POSIX	libraries/lib_concurrency/src/p101_sync/semaphore.c	libraries/lib_concurrency/include/p101_sync/p101_semaphore.h	libraries/lib_posix/src/semaphore.c	libraries/lib_posix/include/p101_posix/p101_semaphore.h
p101_sem_post	c:@F@p101_sem_post	sync	POSIX	libraries/lib_concurrency/src/p101_sync/semaphore.c	libraries/lib_concurrency/include/p101_sync/p101_semaphore.h	libraries/lib_posix/src/semaphore.c	libraries/lib_posix/include/p101_posix/p101_semaphore.h
p101_sem_trywait	c:@F@p101_sem_trywait	sync	POSIX	libraries/lib_concurrency/src/p101_sync/semaphore.c	libraries/lib_concurrency/include/p101_sync/p101_semaphore.h	libraries/lib_posix/src/semaphore.c	libraries/lib_posix/include/p101_posix/p101_semaphore.h
p101_sem_unlink	c:@F@p101_sem_unlink	sync	POSIX	libraries/lib_concurrency/src/p101_sync/semaphore.c	libraries/lib_concurrency/include/p101_sync/p101_semaphore.h	libraries/lib_posix/src/semaphore.c	libraries/lib_posix/include/p101_posix/p101_semaphore.h
p101_sem_wait	c:@F@p101_sem_wait	sync	POSIX	libraries/lib_concurrency/src/p101_sync/semaphore.c	libraries/lib_concurrency/include/p101_sync/p101_semaphore.h	libraries/lib_posix/src/semaphore.c	libraries/lib_posix/include/p101_posix/p101_semaphore.h
p101_cfgetispeed	c:@F@p101_cfgetispeed	terminal	POSIX	libraries/lib_terminal/src/termios.c	libraries/lib_terminal/include/p101_terminal/p101_termios.h	libraries/lib_posix/src/termios.c	libraries/lib_posix/include/p101_posix/p101_termios.h
p101_cfgetospeed	c:@F@p101_cfgetospeed	terminal	POSIX	libraries/lib_terminal/src/termios.c	libraries/lib_terminal/include/p101_terminal/p101_termios.h	libraries/lib_posix/src/termios.c	libraries/lib_posix/include/p101_posix/p101_termios.h
p101_cfmakeraw	c:@F@p101_cfmakeraw	terminal	common-Unix	libraries/lib_terminal/src/termios.c	libraries/lib_terminal/include/p101_terminal/p101_termios.h	libraries/lib_unix/src/termios.c	libraries/lib_unix/include/p101_unix/p101_termios.h
p101_cfsetispeed	c:@F@p101_cfsetispeed	terminal	POSIX	libraries/lib_terminal/src/termios.c	libraries/lib_terminal/include/p101_terminal/p101_termios.h	libraries/lib_posix/src/termios.c	libraries/lib_posix/include/p101_posix/p101_termios.h
p101_cfsetospeed	c:@F@p101_cfsetospeed	terminal	POSIX	libraries/lib_terminal/src/termios.c	libraries/lib_terminal/include/p101_terminal/p101_termios.h	libraries/lib_posix/src/termios.c	libraries/lib_posix/include/p101_posix/p101_termios.h
p101_cfsetspeed	c:@F@p101_cfsetspeed	terminal	common-Unix	libraries/lib_terminal/src/termios.c	libraries/lib_terminal/include/p101_terminal/p101_termios.h	libraries/lib_unix/src/termios.c	libraries/lib_unix/include/p101_unix/p101_termios.h
p101_grantpt	c:@F@p101_grantpt	terminal	XSI	libraries/lib_terminal/src/stdlib.c	libraries/lib_terminal/include/p101_terminal/p101_stdlib.h	libraries/lib_posix_xsi/src/stdlib.c	libraries/lib_posix_xsi/include/p101_posix_xsi/p101_stdlib.h
p101_isatty	c:@F@p101_isatty	terminal	POSIX	libraries/lib_terminal/src/unistd.c	libraries/lib_terminal/include/p101_terminal/p101_unistd.h	libraries/lib_posix/src/unistd.c	libraries/lib_posix/include/p101_posix/p101_unistd.h
p101_posix_openpt	c:@F@p101_posix_openpt	terminal	XSI	libraries/lib_terminal/src/stdlib.c	libraries/lib_terminal/include/p101_terminal/p101_stdlib.h	libraries/lib_posix_xsi/src/stdlib.c	libraries/lib_posix_xsi/include/p101_posix_xsi/p101_stdlib.h
p101_ptsname	c:@F@p101_ptsname	terminal	XSI	libraries/lib_terminal/src/stdlib.c	libraries/lib_terminal/include/p101_terminal/p101_stdlib.h	libraries/lib_posix_xsi/src/stdlib.c	libraries/lib_posix_xsi/include/p101_posix_xsi/p101_stdlib.h
p101_tcdrain	c:@F@p101_tcdrain	terminal	POSIX	libraries/lib_terminal/src/termios.c	libraries/lib_terminal/include/p101_terminal/p101_termios.h	libraries/lib_posix/src/termios.c	libraries/lib_posix/include/p101_posix/p101_termios.h
p101_tcflow	c:@F@p101_tcflow	terminal	POSIX	libraries/lib_terminal/src/termios.c	libraries/lib_terminal/include/p101_terminal/p101_termios.h	libraries/lib_posix/src/termios.c	libraries/lib_posix/include/p101_posix/p101_termios.h
p101_tcflush	c:@F@p101_tcflush	terminal	POSIX	libraries/lib_terminal/src/termios.c	libraries/lib_terminal/include/p101_terminal/p101_termios.h	libraries/lib_posix/src/termios.c	libraries/lib_posix/include/p101_posix/p101_termios.h
p101_tcgetattr	c:@F@p101_tcgetattr	terminal	POSIX	libraries/lib_terminal/src/termios.c	libraries/lib_terminal/include/p101_terminal/p101_termios.h	libraries/lib_posix/src/termios.c	libraries/lib_posix/include/p101_posix/p101_termios.h
p101_tcgetpgrp	c:@F@p101_tcgetpgrp	terminal	POSIX	libraries/lib_terminal/src/unistd.c	libraries/lib_terminal/include/p101_terminal/p101_unistd.h	libraries/lib_posix/src/unistd.c	libraries/lib_posix/include/p101_posix/p101_unistd.h
p101_tcgetsid	c:@F@p101_tcgetsid	terminal	POSIX	libraries/lib_terminal/src/termios.c	libraries/lib_terminal/include/p101_terminal/p101_termios.h	libraries/lib_posix/src/termios.c	libraries/lib_posix/include/p101_posix/p101_termios.h
p101_tcsendbreak	c:@F@p101_tcsendbreak	terminal	POSIX	libraries/lib_terminal/src/termios.c	libraries/lib_terminal/include/p101_terminal/p101_termios.h	libraries/lib_posix/src/termios.c	libraries/lib_posix/include/p101_posix/p101_termios.h
p101_tcsetattr	c:@F@p101_tcsetattr	terminal	POSIX	libraries/lib_terminal/src/termios.c	libraries/lib_terminal/include/p101_terminal/p101_termios.h	libraries/lib_posix/src/termios.c	libraries/lib_posix/include/p101_posix/p101_termios.h
p101_tcsetpgrp	c:@F@p101_tcsetpgrp	terminal	POSIX	libraries/lib_terminal/src/unistd.c	libraries/lib_terminal/include/p101_terminal/p101_unistd.h	libraries/lib_posix/src/unistd.c	libraries/lib_posix/include/p101_posix/p101_unistd.h
p101_ttyname_r	c:@F@p101_ttyname_r	terminal	POSIX	libraries/lib_terminal/src/unistd.c	libraries/lib_terminal/include/p101_terminal/p101_unistd.h	libraries/lib_posix/src/unistd.c	libraries/lib_posix/include/p101_posix/p101_unistd.h
p101_unlockpt	c:@F@p101_unlockpt	terminal	XSI	libraries/lib_terminal/src/stdlib.c	libraries/lib_terminal/include/p101_terminal/p101_stdlib.h	libraries/lib_posix_xsi/src/stdlib.c	libraries/lib_posix_xsi/include/p101_posix_xsi/p101_stdlib.h
p101_a64l	c:@F@p101_a64l	text	XSI	libraries/lib_text/src/p101_text/stdlib.c	libraries/lib_text/include/p101_text/p101_stdlib.h	libraries/lib_posix_xsi/src/stdlib.c	libraries/lib_posix_xsi/include/p101_posix_xsi/p101_stdlib.h
p101_ffs	c:@F@p101_ffs	text	XSI	libraries/lib_text/src/p101_text/strings.c	libraries/lib_text/include/p101_text/p101_strings.h	libraries/lib_posix_xsi/src/strings.c	libraries/lib_posix_xsi/include/p101_posix_xsi/p101_strings.h
p101_isalnum_l	c:@F@p101_isalnum_l	text	POSIX	libraries/lib_text/src/p101_text/ctype.c	libraries/lib_text/include/p101_text/p101_ctype.h	libraries/lib_posix/src/ctype.c	libraries/lib_posix/include/p101_posix/p101_ctype.h
p101_isalpha_l	c:@F@p101_isalpha_l	text	POSIX	libraries/lib_text/src/p101_text/ctype.c	libraries/lib_text/include/p101_text/p101_ctype.h	libraries/lib_posix/src/ctype.c	libraries/lib_posix/include/p101_posix/p101_ctype.h
p101_isblank_l	c:@F@p101_isblank_l	text	POSIX	libraries/lib_text/src/p101_text/ctype.c	libraries/lib_text/include/p101_text/p101_ctype.h	libraries/lib_posix/src/ctype.c	libraries/lib_posix/include/p101_posix/p101_ctype.h
p101_iscntrl_l	c:@F@p101_iscntrl_l	text	POSIX	libraries/lib_text/src/p101_text/ctype.c	libraries/lib_text/include/p101_text/p101_ctype.h	libraries/lib_posix/src/ctype.c	libraries/lib_posix/include/p101_posix/p101_ctype.h
p101_isdigit_l	c:@F@p101_isdigit_l	text	POSIX	libraries/lib_text/src/p101_text/ctype.c	libraries/lib_text/include/p101_text/p101_ctype.h	libraries/lib_posix/src/ctype.c	libraries/lib_posix/include/p101_posix/p101_ctype.h
p101_isgraph_l	c:@F@p101_isgraph_l	text	POSIX	libraries/lib_text/src/p101_text/ctype.c	libraries/lib_text/include/p101_text/p101_ctype.h	libraries/lib_posix/src/ctype.c	libraries/lib_posix/include/p101_posix/p101_ctype.h
p101_islower_l	c:@F@p101_islower_l	text	POSIX	libraries/lib_text/src/p101_text/ctype.c	libraries/lib_text/include/p101_text/p101_ctype.h	libraries/lib_posix/src/ctype.c	libraries/lib_posix/include/p101_posix/p101_ctype.h
p101_isprint_l	c:@F@p101_isprint_l	text	POSIX	libraries/lib_text/src/p101_text/ctype.c	libraries/lib_text/include/p101_text/p101_ctype.h	libraries/lib_posix/src/ctype.c	libraries/lib_posix/include/p101_posix/p101_ctype.h
p101_ispunct_l	c:@F@p101_ispunct_l	text	POSIX	libraries/lib_text/src/p101_text/ctype.c	libraries/lib_text/include/p101_text/p101_ctype.h	libraries/lib_posix/src/ctype.c	libraries/lib_posix/include/p101_posix/p101_ctype.h
p101_isspace_l	c:@F@p101_isspace_l	text	POSIX	libraries/lib_text/src/p101_text/ctype.c	libraries/lib_text/include/p101_text/p101_ctype.h	libraries/lib_posix/src/ctype.c	libraries/lib_posix/include/p101_posix/p101_ctype.h
p101_isupper_l	c:@F@p101_isupper_l	text	POSIX	libraries/lib_text/src/p101_text/ctype.c	libraries/lib_text/include/p101_text/p101_ctype.h	libraries/lib_posix/src/ctype.c	libraries/lib_posix/include/p101_posix/p101_ctype.h
p101_iswalnum_l	c:@F@p101_iswalnum_l	text	POSIX	libraries/lib_text/src/p101_text/wctype.c	libraries/lib_text/include/p101_text/p101_wctype.h	libraries/lib_posix/src/wctype.c	libraries/lib_posix/include/p101_posix/p101_wctype.h
p101_iswalpha_l	c:@F@p101_iswalpha_l	text	POSIX	libraries/lib_text/src/p101_text/wctype.c	libraries/lib_text/include/p101_text/p101_wctype.h	libraries/lib_posix/src/wctype.c	libraries/lib_posix/include/p101_posix/p101_wctype.h
p101_iswblank_l	c:@F@p101_iswblank_l	text	POSIX	libraries/lib_text/src/p101_text/wctype.c	libraries/lib_text/include/p101_text/p101_wctype.h	libraries/lib_posix/src/wctype.c	libraries/lib_posix/include/p101_posix/p101_wctype.h
p101_iswcntrl_l	c:@F@p101_iswcntrl_l	text	POSIX	libraries/lib_text/src/p101_text/wctype.c	libraries/lib_text/include/p101_text/p101_wctype.h	libraries/lib_posix/src/wctype.c	libraries/lib_posix/include/p101_posix/p101_wctype.h
p101_iswctype_l	c:@F@p101_iswctype_l	text	POSIX	libraries/lib_text/src/p101_text/wctype.c	libraries/lib_text/include/p101_text/p101_wctype.h	libraries/lib_posix/src/wctype.c	libraries/lib_posix/include/p101_posix/p101_wctype.h
p101_iswdigit_l	c:@F@p101_iswdigit_l	text	POSIX	libraries/lib_text/src/p101_text/wctype.c	libraries/lib_text/include/p101_text/p101_wctype.h	libraries/lib_posix/src/wctype.c	libraries/lib_posix/include/p101_posix/p101_wctype.h
p101_iswgraph_l	c:@F@p101_iswgraph_l	text	POSIX	libraries/lib_text/src/p101_text/wctype.c	libraries/lib_text/include/p101_text/p101_wctype.h	libraries/lib_posix/src/wctype.c	libraries/lib_posix/include/p101_posix/p101_wctype.h
p101_iswlower_l	c:@F@p101_iswlower_l	text	POSIX	libraries/lib_text/src/p101_text/wctype.c	libraries/lib_text/include/p101_text/p101_wctype.h	libraries/lib_posix/src/wctype.c	libraries/lib_posix/include/p101_posix/p101_wctype.h
p101_iswprint_l	c:@F@p101_iswprint_l	text	POSIX	libraries/lib_text/src/p101_text/wctype.c	libraries/lib_text/include/p101_text/p101_wctype.h	libraries/lib_posix/src/wctype.c	libraries/lib_posix/include/p101_posix/p101_wctype.h
p101_iswpunct_l	c:@F@p101_iswpunct_l	text	POSIX	libraries/lib_text/src/p101_text/wctype.c	libraries/lib_text/include/p101_text/p101_wctype.h	libraries/lib_posix/src/wctype.c	libraries/lib_posix/include/p101_posix/p101_wctype.h
p101_iswspace_l	c:@F@p101_iswspace_l	text	POSIX	libraries/lib_text/src/p101_text/wctype.c	libraries/lib_text/include/p101_text/p101_wctype.h	libraries/lib_posix/src/wctype.c	libraries/lib_posix/include/p101_posix/p101_wctype.h
p101_iswupper_l	c:@F@p101_iswupper_l	text	POSIX	libraries/lib_text/src/p101_text/wctype.c	libraries/lib_text/include/p101_text/p101_wctype.h	libraries/lib_posix/src/wctype.c	libraries/lib_posix/include/p101_posix/p101_wctype.h
p101_iswxdigit_l	c:@F@p101_iswxdigit_l	text	POSIX	libraries/lib_text/src/p101_text/wctype.c	libraries/lib_text/include/p101_text/p101_wctype.h	libraries/lib_posix/src/wctype.c	libraries/lib_posix/include/p101_posix/p101_wctype.h
p101_isxdigit_l	c:@F@p101_isxdigit_l	text	POSIX	libraries/lib_text/src/p101_text/ctype.c	libraries/lib_text/include/p101_text/p101_ctype.h	libraries/lib_posix/src/ctype.c	libraries/lib_posix/include/p101_posix/p101_ctype.h
p101_l64a	c:@F@p101_l64a	text	XSI	libraries/lib_text/src/p101_text/stdlib.c	libraries/lib_text/include/p101_text/p101_stdlib.h	libraries/lib_posix_xsi/src/stdlib.c	libraries/lib_posix_xsi/include/p101_posix_xsi/p101_stdlib.h
p101_mbsnrtowcs	c:@F@p101_mbsnrtowcs	text	POSIX	libraries/lib_text/src/p101_text/wchar.c	libraries/lib_text/include/p101_text/p101_wchar.h	libraries/lib_posix/src/wchar.c	libraries/lib_posix/include/p101_posix/p101_wchar.h
p101_memccpy	c:@F@p101_memccpy	text	XSI	libraries/lib_text/src/p101_text/string.c	libraries/lib_text/include/p101_text/p101_string.h	libraries/lib_posix_xsi/src/string.c	libraries/lib_posix_xsi/include/p101_posix_xsi/p101_string.h
p101_open_wmemstream	c:@F@p101_open_wmemstream	text	POSIX	libraries/lib_text/src/p101_text/wchar.c	libraries/lib_text/include/p101_text/p101_wchar.h	libraries/lib_posix/src/wchar.c	libraries/lib_posix/include/p101_posix/p101_wchar.h
p101_regcomp	c:@F@p101_regcomp	text	POSIX	libraries/lib_text/src/p101_text/regex.c	libraries/lib_text/include/p101_text/p101_regex.h	libraries/lib_posix/src/regex.c	libraries/lib_posix/include/p101_posix/p101_regex.h
p101_regerror	c:@F@p101_regerror	text	POSIX	libraries/lib_text/src/p101_text/regex.c	libraries/lib_text/include/p101_text/p101_regex.h	libraries/lib_posix/src/regex.c	libraries/lib_posix/include/p101_posix/p101_regex.h
p101_regexec	c:@F@p101_regexec	text	POSIX	libraries/lib_text/src/p101_text/regex.c	libraries/lib_text/include/p101_text/p101_regex.h	libraries/lib_posix/src/regex.c	libraries/lib_posix/include/p101_posix/p101_regex.h
p101_regfree	c:@F@p101_regfree	text	POSIX	libraries/lib_text/src/p101_text/regex.c	libraries/lib_text/include/p101_text/p101_regex.h	libraries/lib_posix/src/regex.c	libraries/lib_posix/include/p101_posix/p101_regex.h
p101_rpmatch	c:@F@p101_rpmatch	text	common-Unix	libraries/lib_text/src/p101_text/stdlib.c	libraries/lib_text/include/p101_text/p101_stdlib.h	libraries/lib_unix/src/stdlib.c	libraries/lib_unix/include/p101_unix/p101_stdlib.h
p101_stpcpy	c:@F@p101_stpcpy	text	POSIX	libraries/lib_text/src/p101_text/string.c	libraries/lib_text/include/p101_text/p101_string.h	libraries/lib_posix/src/string.c	libraries/lib_posix/include/p101_posix/p101_string.h
p101_stpncpy	c:@F@p101_stpncpy	text	POSIX	libraries/lib_text/src/p101_text/string.c	libraries/lib_text/include/p101_text/p101_string.h	libraries/lib_posix/src/string.c	libraries/lib_posix/include/p101_posix/p101_string.h
p101_strcasecmp	c:@F@p101_strcasecmp	text	POSIX	libraries/lib_text/src/p101_text/strings.c	libraries/lib_text/include/p101_text/p101_strings.h	libraries/lib_posix/src/strings.c	libraries/lib_posix/include/p101_posix/p101_strings.h
p101_strcasecmp_l	c:@F@p101_strcasecmp_l	text	POSIX	libraries/lib_text/src/p101_text/strings.c	libraries/lib_text/include/p101_text/p101_strings.h	libraries/lib_posix/src/strings.c	libraries/lib_posix/include/p101_posix/p101_strings.h
p101_strcasestr	c:@F@p101_strcasestr	text	common-Unix	libraries/lib_text/src/p101_text/string.c	libraries/lib_text/include/p101_text/p101_string.h	libraries/lib_unix/src/string.c	libraries/lib_unix/include/p101_unix/p101_string.h
p101_strchrnul	c:@F@p101_strchrnul	text	common-Unix	libraries/lib_text/src/p101_text/string.c	libraries/lib_text/include/p101_text/p101_string.h	libraries/lib_unix/src/string.c	libraries/lib_unix/include/p101_unix/p101_string.h
p101_strcoll_l	c:@F@p101_strcoll_l	text	POSIX	libraries/lib_text/src/p101_text/string.c	libraries/lib_text/include/p101_text/p101_string.h	libraries/lib_posix/src/string.c	libraries/lib_posix/include/p101_posix/p101_string.h
p101_strdup	c:@F@p101_strdup	text	POSIX	libraries/lib_text/src/p101_text/string.c	libraries/lib_text/include/p101_text/p101_string.h	libraries/lib_posix/src/string.c	libraries/lib_posix/include/p101_posix/p101_string.h
p101_strerror_r	c:@F@p101_strerror_r	text	POSIX	libraries/lib_text/src/p101_text/string.c	libraries/lib_text/include/p101_text/p101_string.h	libraries/lib_posix/src/string.c	libraries/lib_posix/include/p101_posix/p101_string.h
p101_strncasecmp	c:@F@p101_strncasecmp	text	POSIX	libraries/lib_text/src/p101_text/strings.c	libraries/lib_text/include/p101_text/p101_strings.h	libraries/lib_posix/src/strings.c	libraries/lib_posix/include/p101_posix/p101_strings.h
p101_strncasecmp_l	c:@F@p101_strncasecmp_l	text	POSIX	libraries/lib_text/src/p101_text/strings.c	libraries/lib_text/include/p101_text/p101_strings.h	libraries/lib_posix/src/strings.c	libraries/lib_posix/include/p101_posix/p101_strings.h
p101_strndup	c:@F@p101_strndup	text	POSIX	libraries/lib_text/src/p101_text/string.c	libraries/lib_text/include/p101_text/p101_string.h	libraries/lib_posix/src/string.c	libraries/lib_posix/include/p101_posix/p101_string.h
p101_strnlen	c:@F@p101_strnlen	text	POSIX	libraries/lib_text/src/p101_text/string.c	libraries/lib_text/include/p101_text/p101_string.h	libraries/lib_posix/src/string.c	libraries/lib_posix/include/p101_posix/p101_string.h
p101_strsep	c:@F@p101_strsep	text	common-Unix	libraries/lib_text/src/p101_text/string.c	libraries/lib_text/include/p101_text/p101_string.h	libraries/lib_unix/src/string.c	libraries/lib_unix/include/p101_unix/p101_string.h
p101_strsignal	c:@F@p101_strsignal	text	POSIX	libraries/lib_text/src/p101_text/string.c	libraries/lib_text/include/p101_text/p101_string.h	libraries/lib_posix/src/string.c	libraries/lib_posix/include/p101_posix/p101_string.h
p101_strtok_r	c:@F@p101_strtok_r	text	POSIX	libraries/lib_text/src/p101_text/string.c	libraries/lib_text/include/p101_text/p101_string.h	libraries/lib_posix/src/string.c	libraries/lib_posix/include/p101_posix/p101_string.h
p101_strxfrm_l	c:@F@p101_strxfrm_l	text	POSIX	libraries/lib_text/src/p101_text/string.c	libraries/lib_text/include/p101_text/p101_string.h	libraries/lib_posix/src/string.c	libraries/lib_posix/include/p101_posix/p101_string.h
p101_swab	c:@F@p101_swab	text	XSI	libraries/lib_text/src/p101_text/unistd.c	libraries/lib_text/include/p101_text/p101_unistd.h	libraries/lib_posix_xsi/src/unistd.c	libraries/lib_posix_xsi/include/p101_posix_xsi/p101_unistd.h
p101_tolower_l	c:@F@p101_tolower_l	text	POSIX	libraries/lib_text/src/p101_text/ctype.c	libraries/lib_text/include/p101_text/p101_ctype.h	libraries/lib_posix/src/ctype.c	libraries/lib_posix/include/p101_posix/p101_ctype.h
p101_toupper_l	c:@F@p101_toupper_l	text	POSIX	libraries/lib_text/src/p101_text/ctype.c	libraries/lib_text/include/p101_text/p101_ctype.h	libraries/lib_posix/src/ctype.c	libraries/lib_posix/include/p101_posix/p101_ctype.h
p101_towctrans_l	c:@F@p101_towctrans_l	text	POSIX	libraries/lib_text/src/p101_text/wctype.c	libraries/lib_text/include/p101_text/p101_wctype.h	libraries/lib_posix/src/wctype.c	libraries/lib_posix/include/p101_posix/p101_wctype.h
p101_towlower_l	c:@F@p101_towlower_l	text	POSIX	libraries/lib_text/src/p101_text/wctype.c	libraries/lib_text/include/p101_text/p101_wctype.h	libraries/lib_posix/src/wctype.c	libraries/lib_posix/include/p101_posix/p101_wctype.h
p101_towupper_l	c:@F@p101_towupper_l	text	POSIX	libraries/lib_text/src/p101_text/wctype.c	libraries/lib_text/include/p101_text/p101_wctype.h	libraries/lib_posix/src/wctype.c	libraries/lib_posix/include/p101_posix/p101_wctype.h
p101_wcpcpy	c:@F@p101_wcpcpy	text	POSIX	libraries/lib_text/src/p101_text/wchar.c	libraries/lib_text/include/p101_text/p101_wchar.h	libraries/lib_posix/src/wchar.c	libraries/lib_posix/include/p101_posix/p101_wchar.h
p101_wcpncpy	c:@F@p101_wcpncpy	text	POSIX	libraries/lib_text/src/p101_text/wchar.c	libraries/lib_text/include/p101_text/p101_wchar.h	libraries/lib_posix/src/wchar.c	libraries/lib_posix/include/p101_posix/p101_wchar.h
p101_wcscasecmp	c:@F@p101_wcscasecmp	text	POSIX	libraries/lib_text/src/p101_text/wchar.c	libraries/lib_text/include/p101_text/p101_wchar.h	libraries/lib_posix/src/wchar.c	libraries/lib_posix/include/p101_posix/p101_wchar.h
p101_wcscoll_l	c:@F@p101_wcscoll_l	text	POSIX	libraries/lib_text/src/p101_text/wchar.c	libraries/lib_text/include/p101_text/p101_wchar.h	libraries/lib_posix/src/wchar.c	libraries/lib_posix/include/p101_posix/p101_wchar.h
p101_wcsdup	c:@F@p101_wcsdup	text	POSIX	libraries/lib_text/src/p101_text/wchar.c	libraries/lib_text/include/p101_text/p101_wchar.h	libraries/lib_posix/src/wchar.c	libraries/lib_posix/include/p101_posix/p101_wchar.h
p101_wcsncasecmp	c:@F@p101_wcsncasecmp	text	POSIX	libraries/lib_text/src/p101_text/wchar.c	libraries/lib_text/include/p101_text/p101_wchar.h	libraries/lib_posix/src/wchar.c	libraries/lib_posix/include/p101_posix/p101_wchar.h
p101_wcsnlen	c:@F@p101_wcsnlen	text	POSIX	libraries/lib_text/src/p101_text/wchar.c	libraries/lib_text/include/p101_text/p101_wchar.h	libraries/lib_posix/src/wchar.c	libraries/lib_posix/include/p101_posix/p101_wchar.h
p101_wcsnrtombs	c:@F@p101_wcsnrtombs	text	POSIX	libraries/lib_text/src/p101_text/wchar.c	libraries/lib_text/include/p101_text/p101_wchar.h	libraries/lib_posix/src/wchar.c	libraries/lib_posix/include/p101_posix/p101_wchar.h
p101_wcswidth	c:@F@p101_wcswidth	text	XSI	libraries/lib_text/src/p101_text/wchar.c	libraries/lib_text/include/p101_text/p101_wchar.h	libraries/lib_posix_xsi/src/wchar.c	libraries/lib_posix_xsi/include/p101_posix_xsi/p101_wchar.h
p101_wcsxfrm_l	c:@F@p101_wcsxfrm_l	text	POSIX	libraries/lib_text/src/p101_text/wchar.c	libraries/lib_text/include/p101_text/p101_wchar.h	libraries/lib_posix/src/wchar.c	libraries/lib_posix/include/p101_posix/p101_wchar.h
p101_wctrans_l	c:@F@p101_wctrans_l	text	POSIX	libraries/lib_text/src/p101_text/wctype.c	libraries/lib_text/include/p101_text/p101_wctype.h	libraries/lib_posix/src/wctype.c	libraries/lib_posix/include/p101_posix/p101_wctype.h
p101_wctype_l	c:@F@p101_wctype_l	text	POSIX	libraries/lib_text/src/p101_text/wctype.c	libraries/lib_text/include/p101_text/p101_wctype.h	libraries/lib_posix/src/wctype.c	libraries/lib_posix/include/p101_posix/p101_wctype.h
p101_wcwidth	c:@F@p101_wcwidth	text	XSI	libraries/lib_text/src/p101_text/wchar.c	libraries/lib_text/include/p101_text/p101_wchar.h	libraries/lib_posix_xsi/src/wchar.c	libraries/lib_posix_xsi/include/p101_posix_xsi/p101_wchar.h
p101_wordexp	c:@F@p101_wordexp	text	POSIX	libraries/lib_text/src/p101_text/wordexp.c	libraries/lib_text/include/p101_text/p101_wordexp.h	libraries/lib_posix/src/wordexp.c	libraries/lib_posix/include/p101_posix/p101_wordexp.h
p101_wordfree	c:@F@p101_wordfree	text	POSIX	libraries/lib_text/src/p101_text/wordexp.c	libraries/lib_text/include/p101_text/p101_wordexp.h	libraries/lib_posix/src/wordexp.c	libraries/lib_posix/include/p101_posix/p101_wordexp.h
p101_pthread_atfork	c:@F@p101_pthread_atfork	thread	POSIX	libraries/lib_concurrency/src/p101_thread/pthread.c	libraries/lib_concurrency/include/p101_thread/p101_pthread.h	libraries/lib_posix/src/pthread.c	libraries/lib_posix/include/p101_posix/p101_pthread.h
p101_pthread_attr_destroy	c:@F@p101_pthread_attr_destroy	thread	POSIX	libraries/lib_concurrency/src/p101_thread/pthread.c	libraries/lib_concurrency/include/p101_thread/p101_pthread.h	libraries/lib_posix/src/pthread.c	libraries/lib_posix/include/p101_posix/p101_pthread.h
p101_pthread_attr_getdetachstate	c:@F@p101_pthread_attr_getdetachstate	thread	POSIX	libraries/lib_concurrency/src/p101_thread/pthread.c	libraries/lib_concurrency/include/p101_thread/p101_pthread.h	libraries/lib_posix/src/pthread.c	libraries/lib_posix/include/p101_posix/p101_pthread.h
p101_pthread_attr_getguardsize	c:@F@p101_pthread_attr_getguardsize	thread	POSIX	libraries/lib_concurrency/src/p101_thread/pthread.c	libraries/lib_concurrency/include/p101_thread/p101_pthread.h	libraries/lib_posix/src/pthread.c	libraries/lib_posix/include/p101_posix/p101_pthread.h
p101_pthread_attr_getinheritsched	c:@F@p101_pthread_attr_getinheritsched	thread	POSIX-optional	libraries/lib_concurrency/src/p101_thread/pthread.c	libraries/lib_concurrency/include/p101_thread/p101_pthread.h	libraries/lib_posix_optional/src/pthread.c	libraries/lib_posix_optional/include/p101_posix_optional/p101_pthread.h
p101_pthread_attr_getschedparam	c:@F@p101_pthread_attr_getschedparam	thread	POSIX	libraries/lib_concurrency/src/p101_thread/pthread.c	libraries/lib_concurrency/include/p101_thread/p101_pthread.h	libraries/lib_posix/src/pthread.c	libraries/lib_posix/include/p101_posix/p101_pthread.h
p101_pthread_attr_getschedpolicy	c:@F@p101_pthread_attr_getschedpolicy	thread	POSIX-optional	libraries/lib_concurrency/src/p101_thread/pthread.c	libraries/lib_concurrency/include/p101_thread/p101_pthread.h	libraries/lib_posix_optional/src/pthread.c	libraries/lib_posix_optional/include/p101_posix_optional/p101_pthread.h
p101_pthread_attr_getscope	c:@F@p101_pthread_attr_getscope	thread	POSIX-optional	libraries/lib_concurrency/src/p101_thread/pthread.c	libraries/lib_concurrency/include/p101_thread/p101_pthread.h	libraries/lib_posix_optional/src/pthread.c	libraries/lib_posix_optional/include/p101_posix_optional/p101_pthread.h
p101_pthread_attr_getstack	c:@F@p101_pthread_attr_getstack	thread	POSIX-optional	libraries/lib_concurrency/src/p101_thread/pthread.c	libraries/lib_concurrency/include/p101_thread/p101_pthread.h	libraries/lib_posix_optional/src/pthread.c	libraries/lib_posix_optional/include/p101_posix_optional/p101_pthread.h
p101_pthread_attr_getstacksize	c:@F@p101_pthread_attr_getstacksize	thread	POSIX-optional	libraries/lib_concurrency/src/p101_thread/pthread.c	libraries/lib_concurrency/include/p101_thread/p101_pthread.h	libraries/lib_posix_optional/src/pthread.c	libraries/lib_posix_optional/include/p101_posix_optional/p101_pthread.h
p101_pthread_attr_init	c:@F@p101_pthread_attr_init	thread	POSIX	libraries/lib_concurrency/src/p101_thread/pthread.c	libraries/lib_concurrency/include/p101_thread/p101_pthread.h	libraries/lib_posix/src/pthread.c	libraries/lib_posix/include/p101_posix/p101_pthread.h
p101_pthread_attr_setdetachstate	c:@F@p101_pthread_attr_setdetachstate	thread	POSIX	libraries/lib_concurrency/src/p101_thread/pthread.c	libraries/lib_concurrency/include/p101_thread/p101_pthread.h	libraries/lib_posix/src/pthread.c	libraries/lib_posix/include/p101_posix/p101_pthread.h
p101_pthread_attr_setguardsize	c:@F@p101_pthread_attr_setguardsize	thread	POSIX	libraries/lib_concurrency/src/p101_thread/pthread.c	libraries/lib_concurrency/include/p101_thread/p101_pthread.h	libraries/lib_posix/src/pthread.c	libraries/lib_posix/include/p101_posix/p101_pthread.h
p101_pthread_attr_setinheritsched	c:@F@p101_pthread_attr_setinheritsched	thread	POSIX-optional	libraries/lib_concurrency/src/p101_thread/pthread.c	libraries/lib_concurrency/include/p101_thread/p101_pthread.h	libraries/lib_posix_optional/src/pthread.c	libraries/lib_posix_optional/include/p101_posix_optional/p101_pthread.h
p101_pthread_attr_setschedparam	c:@F@p101_pthread_attr_setschedparam	thread	POSIX	libraries/lib_concurrency/src/p101_thread/pthread.c	libraries/lib_concurrency/include/p101_thread/p101_pthread.h	libraries/lib_posix/src/pthread.c	libraries/lib_posix/include/p101_posix/p101_pthread.h
p101_pthread_attr_setschedpolicy	c:@F@p101_pthread_attr_setschedpolicy	thread	POSIX-optional	libraries/lib_concurrency/src/p101_thread/pthread.c	libraries/lib_concurrency/include/p101_thread/p101_pthread.h	libraries/lib_posix_optional/src/pthread.c	libraries/lib_posix_optional/include/p101_posix_optional/p101_pthread.h
p101_pthread_attr_setscope	c:@F@p101_pthread_attr_setscope	thread	POSIX-optional	libraries/lib_concurrency/src/p101_thread/pthread.c	libraries/lib_concurrency/include/p101_thread/p101_pthread.h	libraries/lib_posix_optional/src/pthread.c	libraries/lib_posix_optional/include/p101_posix_optional/p101_pthread.h
p101_pthread_attr_setstack	c:@F@p101_pthread_attr_setstack	thread	POSIX-optional	libraries/lib_concurrency/src/p101_thread/pthread.c	libraries/lib_concurrency/include/p101_thread/p101_pthread.h	libraries/lib_posix_optional/src/pthread.c	libraries/lib_posix_optional/include/p101_posix_optional/p101_pthread.h
p101_pthread_attr_setstacksize	c:@F@p101_pthread_attr_setstacksize	thread	POSIX-optional	libraries/lib_concurrency/src/p101_thread/pthread.c	libraries/lib_concurrency/include/p101_thread/p101_pthread.h	libraries/lib_posix_optional/src/pthread.c	libraries/lib_posix_optional/include/p101_posix_optional/p101_pthread.h
p101_pthread_cancel	c:@F@p101_pthread_cancel	thread	POSIX	libraries/lib_concurrency/src/p101_thread/pthread.c	libraries/lib_concurrency/include/p101_thread/p101_pthread.h	libraries/lib_posix/src/pthread.c	libraries/lib_posix/include/p101_posix/p101_pthread.h
p101_pthread_create	c:@F@p101_pthread_create	thread	POSIX	libraries/lib_concurrency/src/p101_thread/pthread.c	libraries/lib_concurrency/include/p101_thread/p101_pthread.h	libraries/lib_posix/src/pthread.c	libraries/lib_posix/include/p101_posix/p101_pthread.h
p101_pthread_detach	c:@F@p101_pthread_detach	thread	POSIX	libraries/lib_concurrency/src/p101_thread/pthread.c	libraries/lib_concurrency/include/p101_thread/p101_pthread.h	libraries/lib_posix/src/pthread.c	libraries/lib_posix/include/p101_posix/p101_pthread.h
p101_pthread_equal	c:@F@p101_pthread_equal	thread	POSIX	libraries/lib_concurrency/src/p101_thread/pthread.c	libraries/lib_concurrency/include/p101_thread/p101_pthread.h	libraries/lib_posix/src/pthread.c	libraries/lib_posix/include/p101_posix/p101_pthread.h
p101_pthread_exit	c:@F@p101_pthread_exit	thread	POSIX	libraries/lib_concurrency/src/p101_thread/pthread.c	libraries/lib_concurrency/include/p101_thread/p101_pthread.h	libraries/lib_posix/src/pthread.c	libraries/lib_posix/include/p101_posix/p101_pthread.h
p101_pthread_getschedparam	c:@F@p101_pthread_getschedparam	thread	POSIX-optional	libraries/lib_concurrency/src/p101_thread/pthread.c	libraries/lib_concurrency/include/p101_thread/p101_pthread.h	libraries/lib_posix_optional/src/pthread.c	libraries/lib_posix_optional/include/p101_posix_optional/p101_pthread.h
p101_pthread_getspecific	c:@F@p101_pthread_getspecific	thread	POSIX	libraries/lib_concurrency/src/p101_thread/pthread.c	libraries/lib_concurrency/include/p101_thread/p101_pthread.h	libraries/lib_posix/src/pthread.c	libraries/lib_posix/include/p101_posix/p101_pthread.h
p101_pthread_join	c:@F@p101_pthread_join	thread	POSIX	libraries/lib_concurrency/src/p101_thread/pthread.c	libraries/lib_concurrency/include/p101_thread/p101_pthread.h	libraries/lib_posix/src/pthread.c	libraries/lib_posix/include/p101_posix/p101_pthread.h
p101_pthread_key_create	c:@F@p101_pthread_key_create	thread	POSIX	libraries/lib_concurrency/src/p101_thread/pthread.c	libraries/lib_concurrency/include/p101_thread/p101_pthread.h	libraries/lib_posix/src/pthread.c	libraries/lib_posix/include/p101_posix/p101_pthread.h
p101_pthread_key_delete	c:@F@p101_pthread_key_delete	thread	POSIX	libraries/lib_concurrency/src/p101_thread/pthread.c	libraries/lib_concurrency/include/p101_thread/p101_pthread.h	libraries/lib_posix/src/pthread.c	libraries/lib_posix/include/p101_posix/p101_pthread.h
p101_pthread_kill	c:@F@p101_pthread_kill	thread	POSIX	libraries/lib_concurrency/src/p101_thread/signal.c	libraries/lib_concurrency/include/p101_thread/p101_signal.h	libraries/lib_posix/src/signal.c	libraries/lib_posix/include/p101_posix/p101_signal.h
p101_pthread_self	c:@F@p101_pthread_self	thread	POSIX	libraries/lib_concurrency/src/p101_thread/pthread.c	libraries/lib_concurrency/include/p101_thread/p101_pthread.h	libraries/lib_posix/src/pthread.c	libraries/lib_posix/include/p101_posix/p101_pthread.h
p101_pthread_setcancelstate	c:@F@p101_pthread_setcancelstate	thread	POSIX	libraries/lib_concurrency/src/p101_thread/pthread.c	libraries/lib_concurrency/include/p101_thread/p101_pthread.h	libraries/lib_posix/src/pthread.c	libraries/lib_posix/include/p101_posix/p101_pthread.h
p101_pthread_setcanceltype	c:@F@p101_pthread_setcanceltype	thread	POSIX	libraries/lib_concurrency/src/p101_thread/pthread.c	libraries/lib_concurrency/include/p101_thread/p101_pthread.h	libraries/lib_posix/src/pthread.c	libraries/lib_posix/include/p101_posix/p101_pthread.h
p101_pthread_setschedparam	c:@F@p101_pthread_setschedparam	thread	POSIX-optional	libraries/lib_concurrency/src/p101_thread/pthread.c	libraries/lib_concurrency/include/p101_thread/p101_pthread.h	libraries/lib_posix_optional/src/pthread.c	libraries/lib_posix_optional/include/p101_posix_optional/p101_pthread.h
p101_pthread_setspecific	c:@F@p101_pthread_setspecific	thread	POSIX	libraries/lib_concurrency/src/p101_thread/pthread.c	libraries/lib_concurrency/include/p101_thread/p101_pthread.h	libraries/lib_posix/src/pthread.c	libraries/lib_posix/include/p101_posix/p101_pthread.h
p101_pthread_sigmask	c:@F@p101_pthread_sigmask	thread	POSIX	libraries/lib_concurrency/src/p101_thread/signal.c	libraries/lib_concurrency/include/p101_thread/p101_signal.h	libraries/lib_posix/src/signal.c	libraries/lib_posix/include/p101_posix/p101_signal.h
p101_pthread_testcancel	c:@F@p101_pthread_testcancel	thread	POSIX	libraries/lib_concurrency/src/p101_thread/pthread.c	libraries/lib_concurrency/include/p101_thread/p101_pthread.h	libraries/lib_posix/src/pthread.c	libraries/lib_posix/include/p101_posix/p101_pthread.h
p101_clock_getres	c:@F@p101_clock_getres	time	POSIX	libraries/lib_time/src/time.c	libraries/lib_time/include/p101_time/p101_time.h	libraries/lib_posix/src/time.c	libraries/lib_posix/include/p101_posix/p101_time.h
p101_clock_gettime	c:@F@p101_clock_gettime	time	POSIX	libraries/lib_time/src/time.c	libraries/lib_time/include/p101_time/p101_time.h	libraries/lib_posix/src/time.c	libraries/lib_posix/include/p101_posix/p101_time.h
p101_clock_settime	c:@F@p101_clock_settime	time	POSIX	libraries/lib_time/src/time.c	libraries/lib_time/include/p101_time/p101_time.h	libraries/lib_posix/src/time.c	libraries/lib_posix/include/p101_posix/p101_time.h
p101_gmtime_r	c:@F@p101_gmtime_r	time	POSIX	libraries/lib_time/src/time.c	libraries/lib_time/include/p101_time/p101_time.h	libraries/lib_posix/src/time.c	libraries/lib_posix/include/p101_posix/p101_time.h
p101_localtime_r	c:@F@p101_localtime_r	time	POSIX	libraries/lib_time/src/time.c	libraries/lib_time/include/p101_time/p101_time.h	libraries/lib_posix/src/time.c	libraries/lib_posix/include/p101_posix/p101_time.h
p101_nanosleep	c:@F@p101_nanosleep	time	POSIX	libraries/lib_time/src/time.c	libraries/lib_time/include/p101_time/p101_time.h	libraries/lib_posix/src/time.c	libraries/lib_posix/include/p101_posix/p101_time.h
p101_strftime_l	c:@F@p101_strftime_l	time	POSIX	libraries/lib_time/src/time.c	libraries/lib_time/include/p101_time/p101_time.h	libraries/lib_posix/src/time.c	libraries/lib_posix/include/p101_posix/p101_time.h
p101_strptime	c:@F@p101_strptime	time	XSI	libraries/lib_time/src/time.c	libraries/lib_time/include/p101_time/p101_time.h	libraries/lib_posix_xsi/src/time.c	libraries/lib_posix_xsi/include/p101_posix_xsi/p101_time.h
p101_tzset	c:@F@p101_tzset	time	POSIX	libraries/lib_time/src/time.c	libraries/lib_time/include/p101_time/p101_time.h	libraries/lib_posix/src/time.c	libraries/lib_posix/include/p101_posix/p101_time.h
